ts,0
2017-09-20,-0.003043799901333726
2017-09-21,-0.010041456075393059
2017-09-22,0.001709621847470433
2017-09-23,0.002549150239423135
2017-09-24,-0.0018235654252037078
2017-09-25,0.0038227727787414527
2017-09-26,-0.0016148322743316176
2017-09-27,0.0075975903825274355
2017-09-28,-6.030811907045736e-05
2017-09-29,0.004458787623381474
2017-09-30,0.0017493875022919088
2017-10-01,0.0005744400412667105
2017-10-02,4.600179401712358e-05
2017-10-03,0.002843602254818394
2017-10-04,-0.002250199605108123
2017-10-05,0.0006930396840550481
2017-10-06,-0.0009152186431242399
2017-10-07,0.0005087884904235323
2017-10-08,0.0016469328931540694
2017-10-09,0.001483583389394826
2017-10-10,0.007506692476476888
2017-10-11,0.004193940309464223
2017-10-12,0.0022105339892137268
2017-10-13,0.007693817937399126
2017-10-14,0.0007472281140016466
2017-10-15,-0.0006424053866366825
2017-10-16,0.00019623695676574952
2017-10-17,-0.0036719254405270948
2017-10-18,0.0038557863748796594
2017-10-19,-0.002984131110799676
2017-10-20,0.0005749369135301858
2017-10-21,0.00012745083431091209
2017-10-22,-0.00014320512281911386
2017-10-23,-0.0004931976330726405
2017-10-24,0.0010988990729656496
2017-10-25,-0.004272282643645263
2017-10-26,0.0018509842018782604
2017-10-27,0.0014541264055576357
2017-10-28,-0.00014983423815464984
2017-10-29,0.0020386822015901625
2017-10-30,-0.0001324228453751356
2017-10-31,0.011235730415592997
2017-11-01,0.005196339825042617
2017-11-02,0.0059142013548251875
2017-11-03,-0.0012815340536700818
2017-11-04,0.0006472373492672472
2017-11-05,0.00011305091511198314
2017-11-06,-0.001575373878289738
2017-11-07,-0.00584267876820456
2017-11-08,0.0075950634713387805
2017-11-09,-0.013815405172448572
2017-11-10,-0.009742441948301364
2017-11-11,-0.0017233059733390125
2017-11-12,-0.002724235183293502
2017-11-13,0.0034768962111546
2017-11-14,-0.0005275628545778623
2017-11-15,-0.0022823955335474536
2017-11-16,0.013979034559458035
2017-11-17,-0.004716405358709279
2017-11-18,0.0009096450720473288
2017-11-19,0.002610195471239536
2017-11-20,0.0016777532304721216
2017-11-21,0.0036615551402857903
2017-11-22,0.0031084665408320526
2017-11-23,-0.0019112896961152566
2017-11-24,0.002147948961085819
2017-11-25,0.0056939612054368715
2017-11-26,0.005906524114526816
2017-11-27,0.0050352108643345085
2017-11-28,0.00859499849183613
2017-11-29,0.0003201936325265916
2017-11-30,0.002288971431955292
2017-12-01,0.01117019271076058
2017-12-02,0.0009471019129016578
2017-12-03,0.0023372988276010296
2017-12-04,0.0030300447794238614
2017-12-05,-0.005464512625023142
2017-12-06,0.026755948742139754
2017-12-07,0.03412606330998928
2017-12-08,-0.015523040249960575
2017-12-09,-0.011333525882532995
2017-12-10,0.002321184894362611
2017-12-11,0.0117456477472199
2017-12-12,0.015022564309277465
2017-12-13,-0.0060239522420143365
2017-12-14,0.001781782430094754
2017-12-15,0.015332009278121676
2017-12-16,0.011886995425363152
2017-12-17,-0.0022548426750891646
2017-12-18,-0.00016947086820932148
2017-12-19,-0.01607711485307717
2017-12-20,-0.019823160678586468
2017-12-21,-0.019263479675507723
2017-12-22,-0.00778315794529194
2017-12-23,0.005497684115119686
2017-12-24,-0.005001476856384141
2017-12-25,0.0005927834738338273
2017-12-26,0.00761238773415277
2017-12-27,-0.004140400003468843
2017-12-28,-0.004765597788062193
2017-12-29,0.00030632001002276426
2017-12-30,-0.0062221254457067495
2017-12-31,0.0040913057412750664
2018-01-01,-0.0017600453852066216
2018-01-02,0.004334437080475285
2018-01-03,0.0026458533037935746
2018-01-04,0.007362492117299506
2018-01-05,0.01119331856238091
2018-01-06,0.00016436089268987095
2018-01-07,-0.0018204855410074454
2018-01-08,-0.002160835196187869
2018-01-09,0.0006947778278621118
2018-01-10,-0.0030184292722849437
2018-01-11,0.007915596238439704
2018-01-12,0.01836737624917819
2018-01-13,0.0003127297785589755
2018-01-14,-0.0004966473229096406
2018-01-15,3.459988338623996e-05
2018-01-16,-0.0014188768130753355
2018-01-17,0.012441268899187157
2018-01-18,-0.003380582892527221
2018-01-19,0.013234161914876672
2018-01-20,0.0004962067972420874
2018-01-21,-0.0005227159683429283
2018-01-22,-0.0002335001661005469
2018-01-23,0.0064067741917279465
2018-01-24,-4.829385862377266e-05
2018-01-25,-0.0012205136707479096
2018-01-26,0.019113458211833335
2018-01-27,1.0856044659036845e-05
2018-01-28,1.2073708190995079e-05
2018-01-29,-1.9806352645071913e-05
2018-01-30,-0.020086704560094627
2018-01-31,-0.002485816677372435
2018-02-01,-5.661748186696278e-05
2018-02-02,-0.035473551121409035
2018-02-03,7.562598023992072e-05
2018-02-04,-0.00029698561274970307
2018-02-05,-0.00033017366615544457
2018-02-06,0.010958745989870624
2018-02-07,-0.012975181148503715
2018-02-08,-0.041631170405868306
2018-02-09,0.00018080978565277107
2018-02-10,-1.4058990748033273e-05
2018-02-11,-5.9264694206781057e-05
2018-02-12,9.284631713104347e-05
2018-02-13,0.0003565910620456415
2018-02-14,0.014834242567123896
2018-02-15,0.007884892042730065
2018-02-16,0.0008502823345360464
2018-02-17,1.7688143408779413e-05
2018-02-18,-9.290574098862573e-06
2018-02-19,1.0646310227636944e-05
2018-02-20,5.091326826511119e-06
2018-02-21,-0.0030375085011393136
2018-02-22,0.00040913460295005476
2018-02-23,0.01095479509863888
2018-02-24,-1.9364975843950984e-05
2018-02-25,-4.520365177879686e-06
2018-02-26,2.565494085435495e-05
2018-02-27,-0.016896634952072425
2018-02-28,-0.011206023198554309
2018-03-01,-0.011172915566388684
2018-03-02,0.00412266178342211
2018-03-03,6.33220591380589e-05
2018-03-04,4.385167358120296e-06
2018-03-05,1.1922436610096093e-05
2018-03-06,0.00307094287278964
2018-03-07,8.8977869575179e-05
2018-03-08,0.0005178380176300658
2018-03-09,0.006300212944491721
2018-03-10,-5.364018983309029e-05
2018-03-11,8.302556323785891e-05
2018-03-12,-4.0365915586934615e-05
2018-03-13,-0.0028142504535780175
2018-03-14,-0.0018184169493411367
2018-03-15,-0.00047992177702251937
2018-03-16,0.0009836164767908617
2018-03-17,-4.3489067832636314e-05
2018-03-18,2.8098483705296677e-05
2018-03-19,3.9619501023382045e-05
2018-03-20,0.0007823894170719107
2018-03-21,0.000765371814045387
2018-03-22,-0.007673237544894955
2018-03-23,-0.0037080300132251217
2018-03-24,-4.898288582697285e-05
2018-03-25,-5.4144480380650564e-05
2018-03-26,-9.953700270535232e-05
2018-03-27,-0.0031700074704982097
2018-03-28,-0.0010492151291671046
2018-03-29,0.0023712501737310357
2018-03-30,-6.12183358856401e-05
2018-03-31,2.261338539001607e-05
2018-04-01,-3.057590604355165e-05
2018-04-02,6.086839419531646e-05
2018-04-03,0.00224646458709875
2018-04-04,0.0018449144873126293
2018-04-05,0.001545259062717129
2018-04-06,-0.005192706423065819
2018-04-07,8.392843617195687e-05
2018-04-08,3.699685030216222e-05
2018-04-09,-8.546067852492491e-05
2018-04-10,0.005282600770202026
2018-04-11,-0.0012486465162599926
2018-04-12,0.002495794167473179
2018-04-13,-0.003119931276770499
2018-04-14,-1.4019453019251948e-06
2018-04-15,-3.880375189158612e-06
2018-04-16,3.142257366878713e-06
2018-04-17,0.0038222006196397314
2018-04-18,0.001380540208686356
2018-04-19,-0.003911864944517441
2018-04-20,-0.004015433909089247
2018-04-21,-1.7387886716893724e-07
2018-04-22,2.7208785805043447e-07
2018-04-23,-3.2575400351090166e-07
2018-04-24,-0.005038933135927974
2018-04-25,-0.0003878713165887589
2018-04-26,0.004320930602522563
2018-04-27,-0.00020936360683330925
2018-04-28,-6.068585870027581e-07
2018-04-29,-1.1290910529881356e-07
2018-04-30,1.5799656329861264e-07
2018-05-01,-0.0002863376534858221
2018-05-02,-0.0017266562549782937
2018-05-03,-9.907921625153951e-05
2018-05-04,0.004895056605374412
2018-05-05,-1.5586650447917848e-06
2018-05-06,2.0418382418521903e-06
2018-05-07,2.8465479021811402e-06
2018-05-08,0.0005299532951160803
2018-05-09,0.00284394094760776
2018-05-10,0.004580637072749127
2018-05-11,0.0019285432091346985
2018-05-12,-4.813592761150018e-07
2018-05-13,-2.064783334205374e-06
2018-05-14,6.596909679844377e-08
2018-05-15,-0.003496071462831851
2018-05-16,0.0025260945902884835
2018-05-17,0.00032572295716599346
2018-05-18,-0.00039210940055148274
2018-05-19,8.639808873937996e-08
2018-05-20,-5.984908486049001e-06
2018-05-21,2.1354140845980194e-06
2018-05-22,-0.0024873944310343657
2018-05-23,-5.528011209780867e-05
2018-05-24,-0.0009758850678858511
2018-05-25,-0.0007655593103067615
2018-05-26,6.031595167978303e-06
2018-05-27,-6.118966374534915e-07
2018-05-28,1.2157875005930478e-05
2018-05-29,-1.1623569885661092e-05
2018-05-30,0.00585457188864311
2018-05-31,-0.0037936728909179806
2018-06-01,0.0032579716848867104
2018-06-02,-6.329160431650586e-06
2018-06-03,-4.075973297376829e-06
2018-06-04,1.2151476928786034e-05
2018-06-05,0.0012432173194003306
2018-06-06,0.0037733161801798733
2018-06-07,-0.0016979339409353505
2018-06-08,0.0016429809027134954
2018-06-09,3.7142972111278947e-06
2018-06-10,2.7380410972517904e-05
2018-06-11,-9.177617353488919e-06
2018-06-12,0.0003282507278984329
2018-06-13,-0.0019181835717610124
2018-06-14,0.001836993776739382
2018-06-15,-0.0006781400319627297
2018-06-16,5.178081269302093e-05
2018-06-17,-2.7514560948003055e-05
2018-06-18,0.00010842655312403087
2018-06-19,-0.0018179795714520104
2018-06-20,0.001946337350242277
2018-06-21,-0.003936324938246904
2018-06-22,-0.0002489091002174335
2018-06-23,2.67379253414948e-05
2018-06-24,3.305741687319864e-06
2018-06-25,2.5568309619457422e-05
2018-06-26,0.0014559435475478718
2018-06-27,-0.007280897468644628
2018-06-28,0.0023498595059925796
2018-06-29,0.0009555034586696122
2018-06-30,6.590228691338067e-05
2018-07-01,-6.603307978509201e-06
2018-07-02,7.115351762162937e-05
2018-07-03,0.0002683885370822046
2018-07-04,-8.767254343289795e-05
2018-07-05,-3.717709519040155e-05
2018-07-06,0.006502088385073077
2018-07-07,-0.00014954724804763027
2018-07-08,6.207634401148422e-05
2018-07-09,1.961752385816549e-05
2018-07-10,-6.564646203078574e-05
2018-07-11,-0.006446531153902733
2018-07-12,0.0053799829269966844
2018-07-13,-0.0005567474036611911
2018-07-14,-1.441477124165813e-05
2018-07-15,-2.785554783971448e-05
2018-07-16,-0.0001152179538348906
2018-07-17,0.0025785127968306933
2018-07-18,0.000710475831059276
2018-07-19,0.0011958221644895704
2018-07-20,-0.0010419925431913544
2018-07-21,-1.1012974300410843e-05
2018-07-22,1.5316225423007278e-07
2018-07-23,-7.417181738496568e-05
2018-07-24,-0.0006186569169607295
2018-07-25,0.00722343826339553
2018-07-26,-0.0007247948653581707
2018-07-27,-0.007827806235482206
2018-07-28,-2.599064148350181e-07
2018-07-29,-2.3755976115113667e-07
2018-07-30,2.9239273150842067e-07
2018-07-31,0.007350944663013227
2018-08-01,-0.0051704168064767835
2018-08-02,0.0038226163632835977
2018-08-03,0.0013102747407567948
2018-08-04,4.573127841083838e-06
2018-08-05,-3.159770389098044e-07
2018-08-06,7.631434276819393e-07
2018-08-07,0.002206737178984528
2018-08-08,-0.0017054614332117917
2018-08-09,-9.806855225044017e-05
2018-08-10,-0.008815800527597601
2018-08-11,-5.073108074238492e-07
2018-08-12,-1.145127190119091e-07
2018-08-13,-1.0542899261037816e-08
2018-08-14,0.008694491960465693
2018-08-15,-0.012328873906014188
2018-08-16,0.011800562428049555
2018-08-17,0.00602678712655332
2018-08-18,7.71709321989546e-08
2018-08-19,-8.282477258954226e-08
2018-08-20,1.6421075535112409e-07
2018-08-21,0.00717501353438222
2018-08-22,-0.0003850889635182889
2018-08-23,-0.003926165322156397
2018-08-24,0.010655840283494884
2018-08-25,-1.016269386393504e-09
2018-08-26,4.4279065930317413e-10
2018-08-27,-1.695567797627344e-09
2018-08-28,0.0012153262907531577
2018-08-29,0.008200159575286865
2018-08-30,-0.007373787329766868
2018-08-31,0.002350983034419168
2018-09-01,-2.8605221475432167e-08
2018-09-02,-5.840531967584286e-09
2018-09-03,1.3713768771149035e-09
2018-09-04,-1.0116118152066663e-08
2018-09-05,-0.003898907642914914
2018-09-06,-0.004054681343471444
2018-09-07,-0.006107769625129646
2018-09-08,2.602706564364119e-07
2018-09-09,-2.1875001656471756e-07
2018-09-10,-3.895501438617551e-08
2018-09-11,0.00481615960920628
2018-09-12,-0.00046969766049827905
2018-09-13,0.008956581555874223
2018-09-14,0.0030049603515556285
2018-09-15,-7.576198925891772e-09
2018-09-16,6.02579725073773e-09
2018-09-17,8.684703402195122e-08
2018-09-18,0.009730226932359406
2018-09-19,-0.003943072792307417
2018-09-20,0.016425588927552293
2018-09-21,-0.0019493843462002676
2018-09-22,7.477889529678003e-08
2018-09-23,-4.358847729512037e-08
2018-09-24,2.6206624659703197e-07
2018-09-25,-0.0015135568626444005
2018-09-26,-0.009536280143109373
2018-09-27,0.004801307396653022
2018-09-28,0.002804012895914561
2018-09-29,-2.5314098102918916e-06
2018-09-30,-3.4392593868490647e-07
2018-10-01,8.992560932388297e-07
2018-10-02,-0.0038484284862155644
2018-10-03,0.0038200272945251162
2018-10-04,-0.01661216183227192
2018-10-05,-0.009289183814951005
2018-10-06,7.641231699967921e-06
2018-10-07,-3.220450587937005e-06
2018-10-08,-8.094475531815208e-06
2018-10-09,-0.0014046246718134368
2018-10-10,-0.032381022427649064
2018-10-11,-0.020328679180120976
2018-10-12,-0.0014636846523201903
2018-10-13,-0.0006605606208007435
2018-10-14,0.0005612217857129449
2018-10-15,-0.00647556700902538
2018-10-16,0.013692462415758406
2018-10-17,0.0003037037156369829
2018-10-18,-0.007991553039830158
2018-10-19,-0.0021023487020362646
2018-10-20,-9.282102587428883e-05
2018-10-21,1.537479997871154e-05
2018-10-22,5.889946393452616e-05
2018-10-23,-0.004373525236052314
2018-10-24,0.0011225003375698885
2018-10-25,0.00026934763558850486
2018-10-26,0.0004166786012136346
2018-10-27,-0.00022018971706029992
2018-10-28,-0.00027306873761996447
2018-10-29,0.002020035061598368
2018-10-30,0.0014471978790941518
2018-10-31,-0.00046391176344519667
2018-11-01,-0.00011469582699192257
2018-11-02,-0.0055948907710966144
2018-11-03,0.00017443482544065566
2018-11-04,-0.0025005587507843934
2018-11-05,-0.0008028776886800349
2018-11-06,-0.00890652452001777
2018-11-07,-0.001420843612535017
2018-11-08,0.0023435965055754533
2018-11-09,0.0023454299460397444
2018-11-10,-0.00037100708186402513
2018-11-11,7.204476326336563e-05
2018-11-12,0.000319180244630305
2018-11-13,-0.0023924560752159596
2018-11-14,0.022224652910171783
2018-11-15,-0.005664844961643505
2018-11-16,0.009538688325849209
2018-11-17,0.001300998096026238
2018-11-18,-0.003921038509868519
2018-11-19,0.04196724832451044
2018-11-20,0.03707592449314999
2018-11-21,-0.011672634506283152
2018-11-22,0.013713961352378337
2018-11-23,0.0027090158319726687
2018-11-24,0.02339118161984439
2018-11-25,-0.006441465188827124
2018-11-26,0.013306422837050542
2018-11-27,-0.006313557625281902
2018-11-28,-0.03257744586225607
2018-11-29,0.0056513926756912875
2018-11-30,0.011921194246818144
2018-12-01,-0.006504358678163987
2018-12-02,0.0024694299102422843
2018-12-03,0.008529459000268712
2018-12-04,0.002070939924209726
2018-12-05,0.008072174005490103
2018-12-06,0.011154173772401473
2018-12-07,0.0070790608091128695
2018-12-08,-0.0005846899754269094
2018-12-09,-0.0048551837450253365
2018-12-10,0.004518339863880584
2018-12-11,0.004970777838074129
2018-12-12,-0.004331140637464476
2018-12-13,0.010049992911884416
2018-12-14,0.003995395054907765
2018-12-15,5.378311137292275e-05
2018-12-16,-0.0009740497678741241
2018-12-17,-0.01353583431063079
2018-12-18,-0.003137421731947291
2018-12-19,-0.002980840095612605
2018-12-20,-0.017362248313336583
2018-12-21,0.01004699915733044
2018-12-22,-0.0024866986713721847
2018-12-23,-0.0028792720632905807
2018-12-24,-0.002327482035866311
2018-12-25,0.00368185203243036
2018-12-26,-0.000685341401135534
2018-12-27,0.005938011643888606
2018-12-28,-0.014074381792774924
2018-12-29,0.0011830639262150157
2018-12-30,-0.0012425952524188083
2018-12-31,0.003942366861388541
2019-01-01,-0.004059295921949933
2019-01-02,-0.0038948267593356873
2019-01-03,0.0035061948187510876
2019-01-04,-0.0015318685954528977
2019-01-05,-2.7684464943695992e-05
2019-01-06,-0.003239058638176985
2019-01-07,0.0016655558480574318
2019-01-08,-0.0008320467455588908
2019-01-09,0.002362227093246342
2019-01-10,0.012394741219494309
2019-01-11,0.0001331022843377724
2019-01-12,0.0006324149813191924
2019-01-13,0.0032891928976472745
2019-01-14,-0.004463653375196616
2019-01-15,0.00532041788658564
2019-01-16,-0.0009601405646182679
2019-01-17,-0.0025040440077698043
2019-01-18,0.0018660401861147794
2019-01-19,-0.0015865931847114806
2019-01-20,0.0025804709812340784
2019-01-21,0.0008363174276395908
2019-01-22,-0.0007501418016963658
2019-01-23,0.002302612428173685
2019-01-24,-0.0019809148349328462
2019-01-25,0.0010569770214656415
2019-01-26,-6.098892758462312e-05
2019-01-27,0.0010146457696341986
2019-01-28,0.0033633755930593512
2019-01-29,-0.0007888067257331982
2019-01-30,-0.0021572876174776713
2019-01-31,0.002430590119618827
2019-02-01,-0.0013313053863124274
2019-02-02,-0.0015788432516606046
2019-02-03,0.00212257273143517
2019-02-04,-1.0849813647953956e-05
2019-02-05,0.0011948869188460555
2019-02-06,0.00320677200193397
2019-02-07,-0.00017942034210439192
2019-02-08,-0.022772591230271238
2019-02-09,-0.00013650007831848775
2019-02-10,-0.001980307947171835
2019-02-11,0.0018691144104105214
2019-02-12,-0.003409720660024919
2019-02-13,0.004688355520651158
2019-02-14,0.0021227143245703896
2019-02-15,-0.0024603106859374248
2019-02-16,-0.00042533630904625973
2019-02-17,-0.002936956650128195
2019-02-18,-0.00709875562937354
2019-02-19,-0.00039114773300127513
2019-02-20,-0.0042317626438371754
2019-02-21,0.003205283429231286
2019-02-22,-0.0040103076634188115
2019-02-23,-0.004551134066601696
2019-02-24,0.01126907881641144
2019-02-25,-0.002316412853902254
2019-02-26,0.007546570128657913
2019-02-27,0.0018386887301308948
2019-02-28,-0.003977558368557679
2019-03-01,-0.0028321761358565574
2019-03-02,0.0004277694167486586
2019-03-03,0.0008295008120599355
2019-03-04,0.002911915335740631
2019-03-05,-0.01206646725146995
2019-03-06,-0.0024105889726345818
2019-03-07,-0.002109479557868142
2019-03-08,-0.00016125383965053948
2019-03-09,-0.0023868724985119604
2019-03-10,0.0007161175834313911
2019-03-11,0.0019966988627923505
2019-03-12,0.00017778704225283035
2019-03-13,0.0021113492370261906
2019-03-14,-0.001101343783619004
2019-03-15,-0.005103572574894334
2019-03-16,-0.005047273434818986
2019-03-17,0.0017525623658323536
2019-03-18,-3.2498242296062845e-05
2019-03-19,-0.0033421639428026072
2019-03-20,0.00263025347023587
2019-03-21,0.00482658958768917
2019-03-22,0.005201248236549893
2019-03-23,-0.00044218021477673765
2019-03-24,0.0005135604107843864
2019-03-25,0.001588547488409392
2019-03-26,-0.0001262287464527842
2019-03-27,-0.0011951169173238043
2019-03-28,0.0032230309818417836
2019-03-29,-0.003784494451803738
2019-03-30,-0.00010111242700518297
2019-03-31,5.271717932087521e-05
2019-04-01,-0.0009190930706284243
2019-04-02,-0.0008422548099217578
2019-04-03,-0.008140811567316482
2019-04-04,0.00328808040227881
2019-04-05,0.0005020543980950984
2019-04-06,1.4945856842451163e-05
2019-04-07,-0.00016037316206642083
2019-04-08,-0.00010214464286717586
2019-04-09,0.00457434950751901
2019-04-10,0.008533402091427066
2019-04-11,-0.006445911235573721
2019-04-12,-0.007053871612625847
2019-04-13,2.25217365798933e-05
2019-04-14,-4.600017800797947e-05
2019-04-15,0.00014233821858770142
2019-04-16,-0.006644160874563812
2019-04-17,0.00030519138511625633
2019-04-18,0.004532359841817566
2019-04-19,7.295638841421327e-07
2019-04-20,4.9516820013876556e-05
2019-04-21,-0.0002742527656321357
2019-04-22,0.00019978901610983343
2019-04-23,0.008791496777121216
2019-04-24,0.00892706176931619
2019-04-25,-0.0009930329171545333
2019-04-26,0.011086899542744541
2019-04-27,2.224440927971599e-05
2019-04-28,3.8832622539224e-06
2019-04-29,-9.444291650011525e-05
2019-04-30,0.007138307984425663
2019-05-01,-0.0038813713694513317
2019-05-02,-0.0093173582212468
2019-05-03,0.011707959390900097
2019-05-04,2.3847628591016563e-05
2019-05-05,-8.716114285009353e-05
2019-05-06,0.00013603342350304085
2019-05-07,0.001464937192986994
2019-05-08,-0.006060254111189008
2019-05-09,0.005377156465176176
2019-05-10,0.004981704777934441
2019-05-11,0.0014327361284881713
2019-05-12,-0.0005422928243965609
2019-05-13,0.001552256110654433
2019-05-14,0.003228865626360179
2019-05-15,0.012883962420373258
2019-05-16,-0.0058618700136678
2019-05-17,-0.0005561105976325776
2019-05-18,-9.138311293033823e-05
2019-05-19,0.0006761634296546578
2019-05-20,-0.0002329045817892686
2019-05-21,-0.0004608343252009681
2019-05-22,0.00754213257108624
2019-05-23,0.011784662445724441
2019-05-24,0.0023639108131132663
2019-05-25,2.3426785131944375e-05
2019-05-26,0.00021012837406192764
2019-05-27,5.809456901131423e-05
2019-05-28,-3.4473906743957554e-05
2019-05-29,0.000901264973782046
2019-05-30,0.018312283132583634
2019-05-31,0.018186613764699548
2019-06-01,-8.996039580013639e-06
2019-06-02,3.0861804313895476e-05
2019-06-03,-0.00011672333877317389
2019-06-04,0.0010885429253597947
2019-06-05,0.0031066464288404755
2019-06-06,0.002348826227943894
2019-06-07,0.025472554967043433
2019-06-08,-6.969628310566071e-06
2019-06-09,-1.902002615482168e-05
2019-06-10,1.8194944071852488e-05
2019-06-11,-0.0019006009558710881
2019-06-12,0.004078984165396108
2019-06-13,0.012167662617933298
2019-06-14,-0.001605399713976825
2019-06-15,7.271528901743358e-07
2019-06-16,4.4058856042857127e-07
2019-06-17,1.3124480306738074e-06
2019-06-18,0.02557878988562828
2019-06-19,0.028163367373212796
2019-06-20,0.019409741664983687
2019-06-21,-0.026037726960062138
2019-06-22,1.9622838353431197e-06
2019-06-23,3.09947504506802e-07
2019-06-24,5.821576027764963e-07
2019-06-25,-0.007179117937104249
2019-06-26,-0.010609891679753191
2019-06-27,0.018009994749988916
2019-06-28,0.003249759516392694
2019-06-29,-8.148025311974501e-07
2019-06-30,-7.037489334283988e-06
2019-07-01,-3.8650993024314287e-07
2019-07-02,0.014007861015711484
2019-07-03,0.012002453236344504
2019-07-04,-1.1779446274171953e-06
2019-07-05,-1.0198933471527977e-07
2019-07-06,1.4575879324968053e-07
2019-07-07,4.879305941230384e-07
2019-07-08,8.218046283652287e-07
2019-07-09,-0.0010531200284517933
2019-07-10,0.008952139743930573
2019-07-11,-0.01953044247368844
2019-07-12,0.007014835495718703
2019-07-13,-7.961836167953056e-07
2019-07-14,-2.7669571004095093e-06
2019-07-15,4.624601431251786e-07
2019-07-16,-0.007668193402904682
2019-07-17,0.01486805278294829
2019-07-18,0.008854324423838128
2019-07-19,-0.008114698639873168
2019-07-20,2.1724158179798338e-07
2019-07-21,-1.3543802262789152e-07
2019-07-22,-2.511894407513817e-07
2019-07-23,-0.00138504886763631
2019-07-24,0.0070775282449201905
2019-07-25,-0.007133879850387373
2019-07-26,0.0018746656362133214
2019-07-27,-1.1470917214751562e-07
2019-07-28,2.4689933474672873e-08
2019-07-29,-3.2217745206556047e-09
2019-07-30,0.003358410646792275
2019-07-31,0.002754088419361537
2019-08-01,0.028615350093058465
2019-08-02,0.004816001569637773
2019-08-03,1.50146346526968e-09
2019-08-04,2.618295651096335e-10
2019-08-05,2.25924820083308e-09
2019-08-06,0.015330504802316791
2019-08-07,0.00579851577578347
2019-08-08,0.007007139835985517
2019-08-09,-0.0057249426621064775
2019-08-10,-1.2471030614508549e-09
2019-08-11,8.803511497195177e-10
2019-08-12,-5.60389257540147e-10
2019-08-13,-0.006732955923304883
2019-08-14,0.013408465516001219
2019-08-15,0.019591640698686883
2019-08-16,-0.0010445957263751186
2019-08-17,-1.4979411351494842e-11
2019-08-18,2.5585327927789504e-11
2019-08-19,1.0281621980411434e-10
2019-08-20,0.010752332750987855
2019-08-21,-0.0030044584702992702
2019-08-22,-0.005965248995219593
2019-08-23,0.01561518827753035
2019-08-24,-9.560730220408677e-12
2019-08-25,-1.9669296786111973e-12
2019-08-26,8.217704663498767e-12
2019-08-27,0.015197875541665668
2019-08-28,0.005033330599127876
2019-08-29,-0.00376058197819659
2019-08-30,-0.0007278293352473297
2019-08-31,5.84095191299214e-12
2019-09-01,1.193978324127384e-11
2019-09-02,1.0482330445836833e-10
2019-09-03,6.972728080507043e-11
2019-09-04,0.009163575144889894
2019-09-05,-0.024747736641065627
2019-09-06,0.005184695673747316
2019-09-07,1.6481873080428496e-10
2019-09-08,-1.837709785264002e-11
2019-09-09,-6.759525039359495e-11
2019-09-10,-0.02047681456878603
2019-09-11,-0.005347242262316753
2019-09-12,-0.002744462151461767
2019-09-13,-0.02515995329280849
2019-09-14,-2.662322668843844e-09
2019-09-15,-8.054859087039253e-10
2019-09-16,-5.387915533569882e-09
2019-09-17,0.006337642020433504
2019-09-18,0.0008604618860606828
2019-09-19,0.006343143162610435
2019-09-20,0.014562777050106104
2019-09-21,-4.1858191198896193e-10
2019-09-22,2.514046270124142e-10
2019-09-23,-5.310073728358127e-10
2019-09-24,0.006276507975823471
2019-09-25,-0.014492711468506503
2019-09-26,0.0036044805004826434
2019-09-27,0.000568645516743433
2019-09-28,-6.931758158693224e-12
2019-09-29,-1.7725327923112814e-10
2019-09-30,1.2921823344646983e-10
2019-10-01,0.0024192726379798817
2019-10-02,0.002247030497083213
2019-10-03,0.01231152382098572
2019-10-04,0.008672678722195437
2019-10-05,-1.932290630298034e-11
2019-10-06,-4.869047953539995e-11
2019-10-07,4.6310636241376755e-11
2019-10-08,0.002294731574242645
2019-10-09,-0.0026393831243525117
2019-10-10,-0.01209920998040795
2019-10-11,-0.009396559657994793
2019-10-12,4.266474611098233e-11
2019-10-13,-3.414166702669286e-11
2019-10-14,-1.0931709523115898e-10
2019-10-15,-0.006807266100049179
2019-10-16,0.0011931893323177702
2019-10-17,-0.000864967147429299
2019-10-18,0.002278526307679595
2019-10-19,7.116842727673713e-11
2019-10-20,-1.9980737385168135e-10
2019-10-21,7.014555328702017e-11
2019-10-22,0.004976174137226871
2019-10-23,0.0011307111030884635
2019-10-24,0.0017400627570920593
2019-10-25,-0.002114844020614825
2019-10-26,1.6379623696305091e-10
2019-10-27,-2.2946293883570575e-10
2019-10-28,6.808162454921641e-11
2019-10-29,-0.0033740026478513725
2019-10-30,0.0075761559781387005
2019-10-31,0.011285648685093902
2019-11-01,0.002442324001792087
2019-11-02,1.7193174558473405e-11
2019-11-03,1.2045703941614502e-10
2019-11-04,-1.9827063642828153e-10
2019-11-05,-0.01103700085097887
2019-11-06,0.005102311795076713
2019-11-07,-0.015587410761613745
2019-11-08,-0.0005358033735680414
2019-11-09,-1.0343073593705879e-10
2019-11-10,-4.699542373045459e-10
2019-11-11,3.6622095692367714e-10
2019-11-12,0.0006374040505947358
2019-11-13,0.0038174685557039972
2019-11-14,0.010379676057431604
2019-11-15,0.0005637140510196601
2019-11-16,-2.4084318454793245e-10
2019-11-17,-1.7478677856843995e-10
2019-11-18,1.6171323836367776e-10
2019-11-19,0.0001973317431047262
2019-11-20,0.007172424686444533
2019-11-21,-0.004900861078470727
2019-11-22,0.00474745382588788
2019-11-23,-2.0892036370964193e-09
2019-11-24,9.068550612805092e-09
2019-11-25,-2.8322412835611127e-09
2019-11-26,0.008547701827520102
2019-11-27,-0.00380967568103489
2019-11-28,1.953117887716136e-09
2019-11-29,-6.3475040773923944e-09
2019-11-30,5.7758797134972355e-09
2019-12-01,4.335198265006056e-09
2019-12-02,3.742576066100264e-09
2019-12-03,0.02001814063588982
2019-12-04,-0.0025335622967783368
2019-12-05,-0.0011418166871033737
2019-12-06,-0.0017890731249165326
2019-12-07,1.7249524355990664e-09
2019-12-08,-1.196010886899928e-08
2019-12-09,1.7809133685040914e-08
2019-12-10,0.00013561423237266074
2019-12-11,0.014961729810393778
2019-12-12,-0.012998640296774378
2019-12-13,0.015754223884268385
2019-12-14,3.000101840007709e-08
2019-12-15,-4.618249898248026e-09
2019-12-16,1.1832538829048991e-07
2019-12-17,0.005143385802175054
2019-12-18,-0.0013709816990612861
2019-12-19,0.0009359728118083936
2019-12-20,-0.0004172005484923794
2019-12-21,9.939610625014941e-09
2019-12-22,-5.720093507259107e-08
2019-12-23,3.717981623446883e-08
2019-12-24,0.005116219850026334
2019-12-25,3.516024275450165e-08
2019-12-26,3.172938034804803e-09
2019-12-27,0.004075911641679622
2019-12-28,-1.885010877084386e-08
2019-12-29,-9.732997215911824e-08
2019-12-30,2.7106482603111383e-08
2019-12-31,-0.005481966972173837
2020-01-01,-2.845772539504571e-08
2020-01-02,1.630052509984071e-07
2020-01-03,0.01048376913726558
2020-01-04,-3.388904341467327e-08
2020-01-05,-2.3856971838226108e-08
2020-01-06,-2.1273843504800781e-07
2020-01-07,-0.0046877893011357365
2020-01-08,-0.00105756938575741
2020-01-09,0.005562075962110015
2020-01-10,0.0051130096064768375
2020-01-11,1.4115205795454693e-08
2020-01-12,-2.942219795910682e-08
2020-01-13,1.1976288893174615e-08
2020-01-14,0.0038665143346269535
2020-01-15,0.007679858083158164
2020-01-16,0.002381032701688106
2020-01-17,-0.0022426222262584344
2020-01-18,-1.0369102284520707e-09
2020-01-19,2.166340818897153e-09
2020-01-20,2.418941176890012e-10
2020-01-21,-2.676908711159174e-10
2020-01-22,0.002597518342595191
2020-01-23,0.0026615525108040806
2020-01-24,-0.0013153915307223523
2020-01-25,2.5243570881076856e-10
2020-01-26,-1.0150572506359215e-09
2020-01-27,-2.501013156111664e-10
2020-01-28,0.006896794631984304
2020-01-29,0.011974840750060244
2020-01-30,0.0014652718885624933
2020-01-31,0.0019714306412058685
2020-02-01,-1.778148243011871e-10
2020-02-02,-2.1037343261828172e-10
2020-02-03,-2.9549714132012475e-11
2020-02-04,-0.0064614813037979285
2020-02-05,-0.0019161799999162172
2020-02-06,0.004390658404206488
2020-02-07,0.00453935061549195
2020-02-08,-3.1591232015322525e-12
2020-02-09,7.805502424361465e-11
2020-02-10,-1.1078139834100424e-10
2020-02-11,-0.0016287944882107867
2020-02-12,0.0021287495794676597
2020-02-13,0.001112339314218738
2020-02-14,0.009138086161911082
2020-02-15,-6.7069009711100785e-09
2020-02-16,2.425971896683204e-10
2020-02-17,-3.5789900652434637e-09
2020-02-18,5.096154600963679e-09
2020-02-19,0.0009384812733953501
2020-02-20,0.006795511464846756
2020-02-21,0.005487964771345418
2020-02-22,-2.0834196848250135e-10
2020-02-23,1.399801992785582e-09
2020-02-24,-1.5160025794405687e-09
2020-02-25,-0.011167592475607665
2020-02-26,-0.002159286601275748
2020-02-27,-0.014401786867464959
2020-02-28,0.014065416053844638
2020-02-29,-1.0587159781017616e-10
2020-03-01,-1.4647816305294013e-11
2020-03-02,1.2862706455258111e-10
2020-03-03,0.020867507908798558
2020-03-04,0.00603427553153209
2020-03-05,0.001509203070666216
2020-03-06,0.007791303314813871
2020-03-07,-2.259447446405395e-12
2020-03-08,-1.589359890876044e-11
2020-03-09,4.3318480357698294e-13
2020-03-10,-0.016377600578011076
2020-03-11,-0.030619555746767578
2020-03-12,-0.04306601751333618
2020-03-13,0.018381483063710326
2020-03-14,-3.23165992490196e-08
2020-03-15,5.2327879686732275e-09
2020-03-16,-2.6196096720995506e-08
2020-03-17,-0.00426633339407746
2020-03-18,-0.008686666320949943
2020-03-19,0.010365168920231068
2020-03-20,-0.00021285133431193286
2020-03-21,-4.190670130119886e-12
2020-03-22,2.807868342805753e-10
2020-03-23,-8.149599696864546e-10
2020-03-24,-0.003778052492235835
2020-03-25,-0.003072186174279196
2020-03-26,-0.00371357663012793
2020-03-27,-0.0022938823746271137
2020-03-28,4.002965931817308e-09
2020-03-29,5.647859711951164e-09
2020-03-30,-1.0810138579528779e-08
2020-03-31,-0.00048278974249485744
2020-04-01,9.716563836835953e-05
2020-04-02,0.002202739294806621
2020-04-03,0.0009716354847710065
2020-04-04,-2.303426044251462e-09
2020-04-05,1.684134119288925e-09
2020-04-06,-1.619255744793415e-08
2020-04-07,-0.002411080121893154
2020-04-08,0.000985582755238587
2020-04-09,-0.0005864598877764797
2020-04-10,4.275405052439478e-09
2020-04-11,6.753596517601796e-11
2020-04-12,-9.981024338263954e-10
2020-04-13,1.1003575143346954e-09
2020-04-14,-0.000646292719570785
2020-04-15,0.0017004640342576853
2020-04-16,0.0009273184760784013
2020-04-17,-0.0004286365102783011
2020-04-18,-2.487680720628472e-09
2020-04-19,1.1194120119076866e-09
2020-04-20,3.6989214569776836e-09
2020-04-21,-1.0405901460789499e-05
2020-04-22,0.0005173368596544766
2020-04-23,0.00014720466053796456
2020-04-24,-0.0002681302827228469
2020-04-25,-1.1816015168651626e-09
2020-04-26,-2.406315410839943e-09
2020-04-27,-1.96713324670119e-09
2020-04-28,-0.00021387090143946743
2020-04-29,-0.000720716621839274
2020-04-30,-0.0016056042202376797
2020-05-01,-0.0009510723426412328
2020-05-02,-1.562762893971906e-09
2020-05-03,1.099426373654541e-09
2020-05-04,-5.840792445208814e-10
2020-05-05,0.00041861193063738925
2020-05-06,0.00039990160293907305
2020-05-07,7.911769521386852e-05
2020-05-08,0.00038631844812623466
2020-05-09,-1.5634274211494276e-09
2020-05-10,-8.828397822342917e-09
2020-05-11,-1.3344714150060217e-09
2020-05-12,-0.0007988858429606366
2020-05-13,5.984098066695745e-05
2020-05-14,0.00031352838293973134
2020-05-15,-0.00013671193904806072
2020-05-16,4.840142833147293e-10
2020-05-17,1.0001311241276155e-09
2020-05-18,5.950559006743165e-10
2020-05-19,-0.0004467524224584902
2020-05-20,-0.00038708595471102124
2020-05-21,0.00030547836101637996
2020-05-22,0.0012385548820828228
2020-05-23,4.0553868076137176e-09
2020-05-24,-1.8957387644240958e-08
2020-05-25,7.562165113831269e-09
2020-05-26,-1.2196851084092613e-08
2020-05-27,2.5396901438817934e-05
2020-05-28,-0.002808571147823963
2020-05-29,-0.0004837018181140369
2020-05-30,1.4031581598958697e-07
2020-05-31,-1.2437115831048952e-07
2020-06-01,1.669578827039275e-07
2020-06-02,0.0002978735592401507
2020-06-03,-0.002077825219281622
2020-06-04,-0.002193170763361024
2020-06-05,0.001415544605917582
2020-06-06,1.3908404177612603e-08
2020-06-07,1.1141297704362105e-07
2020-06-08,3.5712637035858535e-08
2020-06-09,-0.0010384956504935917
2020-06-10,-9.93604140200618e-05
2020-06-11,-0.0010303415537082242
2020-06-12,0.0003555297020087076
2020-06-13,2.1005015082133357e-08
2020-06-14,-9.143792572994845e-08
2020-06-15,-5.905816989715621e-08
2020-06-16,0.0004942639309240001
2020-06-17,0.0001392003692407986
2020-06-18,0.0004718719883659662
2020-06-19,9.259679430433355e-05
2020-06-20,2.165193160881169e-08
2020-06-21,-5.711788609879501e-09
2020-06-22,1.4581295689303566e-07
2020-06-23,-0.0005452181424146144
2020-06-24,0.0008147785471473101
2020-06-25,0.00042081625404293
2020-06-26,0.00021080136809439924
2020-06-27,-3.2299239633974016e-08
2020-06-28,1.2606514670388778e-08
2020-06-29,1.262640863783366e-08
2020-06-30,-0.0001300716229111151
2020-07-01,-0.000589035134965503
2020-07-02,0.0006482538918407448
2020-07-03,-2.0145398283178547e-08
2020-07-04,3.5755553587731e-08
2020-07-05,-2.3583934819619057e-08
2020-07-06,1.6346900072676e-07
2020-07-07,0.000830893779223535
2020-07-08,-0.002445921639210283
2020-07-09,0.0023322572741457078
2020-07-10,-0.0011257662521303505
2020-07-11,-1.5546815308180134e-08
2020-07-12,2.2675685598667217e-08
2020-07-13,-2.1597828948185272e-08
2020-07-14,-0.000585694353973242
2020-07-15,-0.0019041962884574176
2020-07-16,0.0016508697838429909
2020-07-17,-0.0025666596846442937
2020-07-18,2.0999698199088787e-08
2020-07-19,2.629056021620273e-08
2020-07-20,-2.1841612072329702e-08
2020-07-21,-0.0024390483088097925
2020-07-22,0.0001951861886500581
2020-07-23,-0.0017540138930894746
2020-07-24,-0.002151512179947308
2020-07-25,2.271356046228031e-06
2020-07-26,1.1512058980083171e-06
2020-07-27,3.364151718529054e-06
2020-07-28,0.0004806819302434524
2020-07-29,-0.0016102724808259457
2020-07-30,-0.0015990538099794629
2020-07-31,0.001568023791449354
2020-08-01,2.8419275203914877e-05
2020-08-02,-7.015067233788552e-05
2020-08-03,1.7141299042442055e-05
2020-08-04,0.0015923067169899153
2020-08-05,-0.0007916903368226588
2020-08-06,0.0029221105426593544
2020-08-07,-0.0027288921312514825
2020-08-08,3.231699819609405e-05
2020-08-09,-1.2972640762544836e-05
2020-08-10,2.4921800320120614e-05
2020-08-11,-0.005630092266582935
2020-08-12,-0.0009550554737206515
2020-08-13,-0.0015528015211385125
2020-08-14,-0.0012734770975848598
2020-08-15,-2.077622697572658e-06
2020-08-16,1.127850148339164e-05
2020-08-17,7.626007030595148e-05
2020-08-18,0.0007540050586275604
2020-08-19,-0.002852136436262475
2020-08-20,0.0013680642370103102
2020-08-21,-0.0015962392225427559
2020-08-22,2.6018287685691693e-05
2020-08-23,-1.440350871812496e-05
2020-08-24,5.4485331491953114e-05
2020-08-25,-0.0001691032952275896
2020-08-26,0.001725343454145652
2020-08-27,-0.003538544834838702
2020-08-28,0.0041454285504704605
2020-08-29,5.3306994347469025e-06
2020-08-30,8.082927014958717e-05
2020-08-31,2.2864919126051056e-05
2020-09-01,0.001708745205901177
2020-09-02,-0.0005583826269145286
2020-09-03,-0.003215657143948707
2020-09-04,-0.0010284646120703933
2020-09-05,-5.406553541733164e-05
2020-09-06,8.525605840809593e-06
2020-09-07,2.1790771960889947e-06
2020-09-08,-1.250332532572665e-05
2020-09-09,0.001070175609128081
2020-09-10,-0.0006259835698996175
2020-09-11,0.0011603894521754967
2020-09-12,2.2194642445267786e-05
2020-09-13,-5.106554003068903e-05
2020-09-14,3.3015816691019684e-05
2020-09-15,-0.00012085168173812117
2020-09-16,-0.0007250550585207289
2020-09-17,0.00023904778179951086
2020-09-18,-0.001136181655248557
2020-09-19,2.099268008921271e-05
2020-09-20,-8.037775928111882e-05
2020-09-21,-0.00017255306567228335
2020-09-22,0.00018589062870438765
2020-09-23,-0.005530313513844305
2020-09-24,0.00023540293807359098
2020-09-25,6.110829465957147e-06
2020-09-26,2.9447295646860493e-05
2020-09-27,1.6301164058859764e-05
2020-09-28,-2.6477616221404315e-05
2020-09-29,0.0015562014729867818
2020-09-30,-0.0010419006059293285
2020-10-01,0.0001658623693759471
2020-10-02,-1.4312003117052787e-05
2020-10-03,-1.4949280528686081e-06
2020-10-04,3.2606127016174745e-05
2020-10-05,1.8126572516901545e-05
2020-10-06,-0.0004939618710284278
2020-10-07,0.0005674023343345127
2020-10-08,-0.00014399638505263802
2020-10-09,0.0021894554295255795
2020-10-10,4.609082813879121e-05
2020-10-11,2.8389951699645308e-05
2020-10-12,7.870710233919553e-05
2020-10-13,-0.0012049925466264247
2020-10-14,0.0009882497097375208
2020-10-15,-0.0007559984998149686
2020-10-16,-0.00032204361422572903
2020-10-17,1.7932066160990034e-05
2020-10-18,6.38493956200891e-05
2020-10-19,5.163382037031623e-05
2020-10-20,0.0005736419364995135
2020-10-21,0.002044911832096183
2020-10-22,-0.0018198082574341875
2020-10-23,0.0015745918075835783
2020-10-24,4.691378033953003e-05
2020-10-25,-5.806065119258871e-05
2020-10-26,-6.610556084359256e-05
2020-10-27,-8.55187761446065e-05
2020-10-28,-0.0007067949824585228
2020-10-29,-0.00036457792824874327
2020-10-30,-0.0003854233930051274
2020-10-31,3.238960112133414e-05
2020-11-01,2.4064191799788585e-05
2020-11-02,-5.271910517190031e-05
2020-11-03,0.0009815633967421304
2020-11-04,0.000639523714434471
2020-11-05,0.0040533733585365606
2020-11-06,0.0031614700534694736
2020-11-07,-9.316124008313913e-05
2020-11-08,7.870952027207243e-05
2020-11-09,-3.572342335743154e-05
2020-11-10,0.0004142392459675783
2020-11-11,-0.001307990047491076
2020-11-12,0.0008047260341388429
2020-11-13,0.002153090825728538
2020-11-14,-2.6531613763720078e-05
2020-11-15,-1.4017823398406261e-05
2020-11-16,8.05112390119747e-05
2020-11-17,0.002368729103706229
2020-11-18,0.0007099856160791846
2020-11-19,0.0019784721046591193
2020-11-20,0.001112390470039116
2020-11-21,0.0002785826384309555
2020-11-22,-0.0002771500433645982
2020-11-23,0.00035104976050876776
2020-11-24,0.0008612384484652055
2020-11-25,-0.007906695008010679
2020-11-26,-0.0007460751923544866
2020-11-27,-2.0312861964873157e-06
2020-11-28,6.845662476672524e-05
2020-11-29,0.00013078507174262176
2020-11-30,0.000344824524176879
2020-12-01,-0.003651274097465664
2020-12-02,0.001695171626312509
2020-12-03,0.004985788972565332
2020-12-04,-0.0038576755493162905
2020-12-05,0.0005173749417724095
2020-12-06,0.00018966159880627622
2020-12-07,-0.00025016751628180776
2020-12-08,-0.002731881171253671
2020-12-09,-0.002126394718197834
2020-12-10,0.005211533256912527
2020-12-11,-0.003890298673972748
2020-12-12,0.00028229246447740317
2020-12-13,0.0002942169444589787
2020-12-14,-2.3886636230309205e-06
2020-12-15,0.006568223125501669
2020-12-16,0.001390361196867845
2020-12-17,0.0052805464111609236
2020-12-18,-0.0011601396138806856
2020-12-19,0.0006663571318464429
2020-12-20,-0.0008206157517290911
2020-12-21,-0.0010872767046251916
2020-12-22,-0.00465961070366963
2020-12-23,0.003389919738469394
2020-12-24,0.003301393264474128
2020-12-25,0.000542364958860121
2020-12-26,0.0011320565316362905
2020-12-27,0.000910177723405578
2020-12-28,0.001868168607375988
2020-12-29,0.005732097878289287
2020-12-30,0.012834226256916418
2020-12-31,-0.0007780019606742992
2021-01-01,5.762335737038844e-05
2021-01-02,0.0015925349799628013
2021-01-03,0.0036916859547939575
2021-01-04,0.0007786521248806992
2021-01-05,0.021435687633693138
2021-01-06,0.0013233803902002912
2021-01-07,0.011499090774521705
2021-01-08,0.015261788698450726
2021-01-09,0.00039871400175164217
2021-01-10,-0.0015885890923203888
2021-01-11,-0.003700198482717947
2021-01-12,0.0060621063337902665
2021-01-13,0.0028406883326833393
2021-01-14,0.009530768163983554
2021-01-15,-0.01840551464968063
2021-01-16,0.0005237222736108469
2021-01-17,-0.00037321473536913697
2021-01-18,0.0011069691718422917
2021-01-19,0.0015766735710023429
2021-01-20,0.007866519399595422
2021-01-21,-0.0016322403784159844
2021-01-22,-0.009149003378122557
2021-01-23,-0.00030065242282913053
2021-01-24,0.0007957856800230868
2021-01-25,-0.00036445261109403185
2021-01-26,-0.005841270225864099
2021-01-27,-0.02544842857186624
2021-01-28,0.007759492161874704
2021-01-29,-0.004975005483204821
2021-01-30,-0.00024354419437740455
2021-01-31,-0.0036467302543907124
2021-02-01,0.002100223238608882
2021-02-02,0.009427458160633765
2021-02-03,0.01348980859168806
2021-02-04,-0.004088651938592093
2021-02-05,0.008628736042989235
2021-02-06,0.0010128486991258093
2021-02-07,-0.0030800540052874697
2021-02-08,0.01902197105541272
2021-02-09,0.0054033144812296215
2021-02-10,-0.008382117683622948
2021-02-11,0.013167093686929627
2021-02-12,0.002737525125038374
2021-02-13,-0.001698579164779962
2021-02-14,0.002531714156778604
2021-02-15,-0.0022166796360098312
2021-02-16,0.002203631639853409
2021-02-17,0.012162459174724648
2021-02-18,-0.0011318983966735268
2021-02-19,0.014330749868822575
2021-02-20,-0.0010835479136264252
2021-02-21,0.00301195895610409
2021-02-22,-0.01157576629009298
2021-02-23,-0.028379477988404754
2021-02-24,0.0059754684888816524
2021-02-25,-0.016611605331498094
2021-02-26,-0.007293361383963455
2021-02-27,0.000313348234345046
2021-02-28,-0.0035980318699681837
2021-03-01,0.013168414449305632
2021-03-02,-0.007431485437965742
2021-03-03,0.009201831466018875
2021-03-04,-0.011972280311847716
2021-03-05,0.004078650847993134
2021-03-06,0.0044292068727697295
2021-03-07,0.0058990007902739216
2021-03-08,0.005214006747204876
2021-03-09,0.009970714047777458
2021-03-10,0.0012350544077669079
2021-03-11,0.005992258916877796
2021-03-12,-0.0054772987353483415
2021-03-13,0.010075689028540539
2021-03-14,-0.004696962965134204
2021-03-15,-0.00660852991221739
2021-03-16,-0.00035145771060188854
2021-03-17,0.005367813783046569
2021-03-18,-0.004116476951057472
2021-03-19,0.00398008696558552
2021-03-20,-0.00020944407820233313
2021-03-21,-0.0018760813911674345
2021-03-22,-0.007491362694621162
2021-03-23,-0.0033884142180673027
2021-03-24,-0.008060483352074752
2021-03-25,-0.0020630532811921048
2021-03-26,0.01121085526783737
2021-03-27,0.0016027771571757415
2021-03-28,-0.0008941322147037494
2021-03-29,0.00666316308427689
2021-03-30,0.0037839504741184475
2021-03-31,0.002096809010953332
2021-04-01,0.0036786124503638187
2021-04-02,0.006711653273762373
2021-04-03,-0.006752053586381986
2021-04-04,0.003942500137726935
2021-04-05,0.0009080921084933574
2021-04-06,-0.0033823093476625203
2021-04-07,-0.012471760590048807
2021-04-08,0.009782202833294562
2021-04-09,-0.00012500322080235922
2021-04-10,0.00450694050525946
2021-04-11,0.0012858256214012607
2021-04-12,-0.0010869320000246247
2021-04-13,0.01383994074726165
2021-04-14,0.00039661005933718294
2021-04-15,0.004556097386004992
2021-04-16,-0.0057583974477641705
2021-04-17,-0.0038516949379668116
2021-04-18,-0.009559924969152022
2021-04-19,-0.0027065330249966394
2021-04-20,0.003386109167069593
2021-04-21,-0.003897932110078561
2021-04-22,-0.00749839988107372
2021-04-23,0.0010331937553798372
2021-04-24,-0.004237908809770022
2021-04-25,0.0008061199698502091
2021-04-26,0.008984083072458368
2021-04-27,0.003984148046723833
2021-04-28,0.0017580089258322973
2021-04-29,-0.0034023403129560775
2021-04-30,0.00558985574223834
2021-05-01,0.004846897080652615
2021-05-02,-0.0015476448913153934
2021-05-03,0.012684032753545182
2021-05-04,-0.01372792446095527
2021-05-05,0.015353428914168084
2021-05-06,-0.0030074258103966463
2021-05-07,0.003808082984169933
2021-05-08,0.011284260857916072
2021-05-09,-0.00028957599699713153
2021-05-10,-0.002989218719151419
2021-05-11,0.004943511670658933
2021-05-12,-0.026339721150343963
2021-05-13,-0.006933108776064835
2021-05-14,0.01302161951826626
2021-05-15,-0.01720445836434299
2021-05-16,-0.001960451703445497
2021-05-17,-0.014482839576494905
2021-05-18,0.0009273022729137162
2021-05-19,-0.037165079394104135
2021-05-20,0.012300501329442383
2021-05-21,-0.014926378456746624
2021-05-22,-0.0034326786121815943
2021-05-23,-0.006234008149557434
2021-05-24,0.014586832276884506
2021-05-25,-0.0003792207419082102
2021-05-26,0.0056754381781787865
2021-05-27,-0.0028691248118192275
2021-05-28,-0.009355755405326021
2021-05-29,-0.0029585025048059943
2021-05-30,0.002178464061968361
2021-05-31,0.006252223052561593
2021-06-01,-0.002100328196987213
2021-06-02,0.0016222598435889227
2021-06-03,0.0010061517545574758
2021-06-04,-0.0009409714978423792
2021-06-05,-0.0009941713375868414
2021-06-06,0.0007443247809716988
2021-06-07,-0.0019383303248620978
2021-06-08,-0.000536067967037231
2021-06-09,1.5208647534787642e-05
2021-06-10,-2.29909021430453e-05
2021-06-11,-0.0012272705307481287
2021-06-12,0.00014198293248120846
2021-06-13,0.0010337493127788487
2021-06-14,0.00021855260259564106
2021-06-15,-0.0006332455440419009
2021-06-16,-0.003714861689645827
2021-06-17,-0.0010098657857247606
2021-06-18,-0.004605735216311438
2021-06-19,-0.0006099612440053614
2021-06-20,0.000759430160293347
2021-06-21,-0.0043409097895805064
2021-06-22,0.0005553280895486138
2021-06-23,0.000590069675577495
2021-06-24,0.0013164972015381846
2021-06-25,0.00030195738304436716
2021-06-26,5.075774415306316e-05
2021-06-27,0.00044659994454442173
2021-06-28,0.00026356870355890736
2021-06-29,-0.0012342357203945684
2021-06-30,0.0006356548759113083
2021-07-01,0.0011086130297690458
2021-07-02,0.0009877952302343384
2021-07-03,1.3023840400895151e-05
2021-07-04,7.834471135336321e-05
2021-07-05,4.255202655424269e-05
2021-07-06,0.0001728445634079319
2021-07-07,0.0003373790683712475
2021-07-08,-0.005636937356199869
2021-07-09,0.004890583371588794
2021-07-10,-2.3355345456809378e-05
2021-07-11,-8.100823222194692e-05
2021-07-12,-1.6755766739780802e-05
2021-07-13,-0.0035022671306369716
2021-07-14,0.00037162936104793943
2021-07-15,-0.00042198138712325087
2021-07-16,-0.00423557341705232
2021-07-17,-3.1338495105417375e-05
2021-07-18,-0.00010267490856364152
2021-07-19,0.0003136984157487323
2021-07-20,0.007257653526159173
2021-07-21,0.003417048203806482
2021-07-22,-0.00214817619208729
2021-07-23,0.0035196518472848915
2021-07-24,-0.00022324340527217398
2021-07-25,-0.0003639568309359389
2021-07-26,-0.0006619378788997242
2021-07-27,-0.005474034602199105
2021-07-28,0.0027719446197962535
2021-07-29,0.005013635800800921
2021-07-30,-0.005668787266028114
2021-07-31,7.36252081395466e-05
2021-08-01,0.0001816522011330954
2021-08-02,9.697254013627264e-05
2021-08-03,0.008755545980228034
2021-08-04,-0.0049593410672473855
2021-08-05,0.006657822869380715
2021-08-06,0.0012411951597413183
2021-08-07,0.0009170704798571577
2021-08-08,-0.0004414055002799998
2021-08-09,8.91718730867469e-05
2021-08-10,0.0016050955573216673
2021-08-11,0.004588364710726715
2021-08-12,0.002242719379192014
2021-08-13,0.0016602592084357822
2021-08-14,-0.0003074541156843427
2021-08-15,9.096956220346018e-05
2021-08-16,-0.0004900314317447523
2021-08-17,-0.0074976885753074395
2021-08-18,-0.009635010756219479
2021-08-19,-0.0011640579978075853
2021-08-20,0.008610899292724678
2021-08-21,-0.0004946838682682595
2021-08-22,0.00019438107450394976
2021-08-23,0.00034100515337487803
2021-08-24,6.766699783294167e-05
2021-08-25,0.0036091572031851774
2021-08-26,-0.00826332600049651
2021-08-27,0.012148516153071297
2021-08-28,-9.192508375384991e-05
2021-08-29,-4.959097884593975e-05
2021-08-30,-0.0001814146042275915
2021-08-31,0.0012105383773434659
2021-09-01,0.006264884009776397
2021-09-02,0.0023286742055702836
2021-09-03,-0.00044092530571539516
2021-09-04,-0.00022801656882768016
2021-09-05,0.0004988199019525457
2021-09-06,7.15670697850255e-05
2021-09-07,-0.0019133389091618668
2021-09-08,-0.0008573213102855306
2021-09-09,-0.00698310635606247
2021-09-10,-0.011105610095064462
2021-09-11,0.00014815342510437164
2021-09-12,0.00023701626939679233
2021-09-13,-0.00013736413269094846
2021-09-14,-0.006472047161988641
2021-09-15,0.010756672899334845
2021-09-16,0.0008480919172184668
2021-09-17,-0.018236036934755978
2021-09-18,3.0038650134766087e-05
2021-09-19,-4.662740206600393e-05
2021-09-20,-0.00022724213197301065
2021-09-21,0.007054216531465094
2021-09-22,0.016808921032498616
2021-09-23,0.01762722011572364
2021-09-24,0.0058598826879358735
2021-09-25,-9.830397807556383e-07
2021-09-26,1.0877261613977797e-05
2021-09-27,-1.410030661150137e-05
2021-09-28,-0.03559526753395154
2021-09-29,-0.0028439793807742966
2021-09-30,-0.004769017589357454
2021-10-01,0.013260056652182573
2021-10-02,2.5598816718450256e-05
2021-10-03,2.9104760612133943e-05
2021-10-04,7.018398041656259e-06
2021-10-05,0.011763535030352136
2021-10-06,0.003471601772015416
2021-10-07,0.01487733110106313
2021-10-08,0.006299970670660465
2021-10-09,9.060913536898669e-07
2021-10-10,-2.500469505799841e-06
2021-10-11,4.483486649809571e-06
2021-10-12,0.007492776544782288
2021-10-13,0.007741378713104894
2021-10-14,0.020904081300921876
2021-10-15,0.0009884400126761353
2021-10-16,-1.0949808575578906e-06
2021-10-17,7.989301931626233e-07
2021-10-18,-7.128730846184044e-07
2021-10-19,0.003648791721996572
2021-10-20,0.0042880873651728905
2021-10-21,0.010795240806228259
2021-10-22,-0.007024038712039274
2021-10-23,9.513797861491221e-07
2021-10-24,-5.53968810212389e-07
2021-10-25,1.2024649807918394e-06
2021-10-26,-0.005529907429450528
2021-10-27,-0.009059603117937902
2021-10-28,0.011477055414577863
2021-10-29,-0.002020346022012675
2021-10-30,-4.0787983305595865e-07
2021-10-31,-2.856258960662146e-07
2021-11-01,2.8768653172784328e-08
2021-11-02,0.007670908123658089
2021-11-03,0.01092262511715223
2021-11-04,-0.0020090364342888168
2021-11-05,-0.008541966530855403
2021-11-06,3.5943263539657163e-07
2021-11-07,1.2842784537996393e-06
2021-11-08,3.5908215250888906e-06
2021-11-09,-0.0043436946704017996
2021-11-10,-0.008010749874614514
2021-11-11,0.0029403647143593243
2021-11-12,0.00935578121923438
2021-11-13,1.6011086976284247e-08
2021-11-14,9.851602229975617e-08
2021-11-15,-3.7142751696012913e-07
2021-11-16,0.0007803839633688089
2021-11-17,-0.0055696484870664175
2021-11-18,-0.001541955883763836
2021-11-19,-0.004319182980515491
2021-11-20,4.5111903805374105e-07
2021-11-21,-3.258597218832138e-07
2021-11-22,-5.890892577543867e-07
2021-11-23,0.006495180420531037
2021-11-24,0.004017715397039767
2021-11-25,1.4392540547137908e-07
2021-11-26,-5.935140565904837e-07
2021-11-27,1.129486214547886e-07
2021-11-28,3.005408768083196e-07
2021-11-29,2.1685696237450414e-07
2021-11-30,-0.047682381984367944
2021-12-01,-0.018032965217828528
2021-12-02,0.009475083169666786
2021-12-03,-0.012065774581259287
2021-12-04,-2.7838631901671148e-06
2021-12-05,3.949291519890107e-07
2021-12-06,1.1996171321074294e-06
2021-12-07,0.02048381242463684
2021-12-08,0.0036231036032774596
2021-12-09,-0.008552185530913282
2021-12-10,0.0087613788116449
2021-12-11,5.202654334019173e-07
2021-12-12,2.818023378583881e-07
2021-12-13,-1.5912454476065725e-06
2021-12-14,-0.0055735333501797085
2021-12-15,0.015614484857096957
2021-12-16,-0.00844833380475998
2021-12-17,-0.009504569162535014
2021-12-18,2.0742413049581996e-07
2021-12-19,-1.0419905536663237e-07
2021-12-20,1.2630505444519076e-08
2021-12-21,0.015320346621327608
2021-12-22,0.010156234226279636
2021-12-23,0.004979766634789058
2021-12-24,-3.781742315133063e-08
2021-12-25,5.2357456133159055e-08
2021-12-26,-4.436291835766929e-08
2021-12-27,-3.872158404403286e-08
2021-12-28,0.002199891637702113
2021-12-29,0.003719811879300226
2021-12-30,-0.0009808745559442536
2021-12-31,0.00021660189236610548
2022-01-01,-4.3368146586517914e-08
2022-01-02,8.363134896174878e-08
2022-01-03,2.559618191066038e-08
2022-01-04,0.0007641190891435212
2022-01-05,-0.018610468180449462
2022-01-06,-0.001198251225218128
2022-01-07,0.0014571326404684496
2022-01-08,-5.658291292241586e-08
2022-01-09,1.6102448119618146e-08
2022-01-10,-2.5009033322174666e-08
2022-01-11,0.007171023395785112
2022-01-12,0.002075806485943031
2022-01-13,-0.010124678874430465
2022-01-14,0.0006422687845449311
2022-01-15,2.8918391361020455e-09
2022-01-16,4.300226244202051e-09
2022-01-17,-5.60192480703529e-09
2022-01-18,-1.3987025848849864e-08
2022-01-19,-0.006101963910024627
2022-01-20,-0.009136955971059412
2022-01-21,-0.01736691307587077
2022-01-22,7.577349415360933e-07
2022-01-23,-1.672979430439052e-06
2022-01-24,4.872990550372481e-07
2022-01-25,-0.0028862599145976072
2022-01-26,-0.0021906389744857555
2022-01-27,-0.0009351670140021204
2022-01-28,0.0062438190795861695
2022-01-29,-4.217040733546419e-06
2022-01-30,8.241065851772467e-07
2022-01-31,-1.4314833661592443e-05
2022-02-01,0.011833494200490341
2022-02-02,0.00546612865518606
2022-02-03,-0.024215665607990572
2022-02-04,0.0042742104076623514
2022-02-05,-9.22348465948419e-07
2022-02-06,-6.8621608660925395e-06
2022-02-07,-6.870170554564805e-06
2022-02-08,0.008798867595686004
2022-02-09,0.01051816681503844
2022-02-10,-0.017369779574235373
2022-02-11,-0.018019396374868286
2022-02-12,6.209282964064665e-07
2022-02-13,7.408312689670166e-07
2022-02-14,-2.1277680256801308e-06
2022-02-15,0.005796525224223601
2022-02-16,0.0025839880326060756
2022-02-17,-0.008256310813525713
2022-02-18,-0.0013901028641881302
2022-02-19,4.316148470919106e-07
2022-02-20,7.97030158235619e-06
2022-02-21,5.1713245194677575e-06
2022-02-22,-5.546852096017954e-06
2022-02-23,-0.004236024856183328
2022-02-24,0.0006726479781961244
2022-02-25,-0.0023896010960106737
2022-02-26,-1.1572255383002641e-07
2022-02-27,4.382537104656096e-06
2022-02-28,-1.2598192746220931e-05
2022-03-01,-0.0012431860862503754
2022-03-02,0.004621519113160587
2022-03-03,0.0033613105498140248
2022-03-04,0.0055980946711533495
2022-03-05,-1.0801134955592793e-07
2022-03-06,2.9720073849162345e-07
2022-03-07,1.3746334625995947e-07
2022-03-08,0.00226502637936677
2022-03-09,-0.014905725876213817
2022-03-10,-0.0008989838245437639
2022-03-11,0.00046987960204483627
2022-03-12,-3.119352746408456e-07
2022-03-13,2.146662067418887e-06
2022-03-14,-3.781090949108035e-06
2022-03-15,-0.002841807674890656
2022-03-16,0.003220807700200186
2022-03-17,0.007733228711427687
2022-03-18,0.00272495429681045
2022-03-19,-5.296378154913083e-07
2022-03-20,1.8976720250480366e-06
2022-03-21,-6.853138029409932e-08
2022-03-22,0.001191793234667398
2022-03-23,0.0015250067758906286
2022-03-24,-0.0023516980265373415
2022-03-25,0.003416454483227419
2022-03-26,-1.2299408897088361e-07
2022-03-27,-1.2818498189785787e-06
2022-03-28,-2.1488226119254395e-07
2022-03-29,0.0028212215838314737
2022-03-30,0.0018117576847395287
2022-03-31,-0.0058577313581896885
2022-04-01,0.0020444268897896883
2022-04-02,-3.8168174944890857e-07
2022-04-03,3.090285731204024e-07
2022-04-04,1.7881890459492638e-07
2022-04-05,-0.0031133516216084456
2022-04-06,-0.00026773961516864483
2022-04-07,0.003217096780836786
2022-04-08,0.003207425336696393
2022-04-09,2.816591166583618e-07
2022-04-10,-4.3956858422260916e-07
2022-04-11,-1.9732605695579603e-06
2022-04-12,0.003596087117606328
2022-04-13,0.00496553318902376
2022-04-14,0.000609264152324079
2022-04-15,2.196539187147349e-07
2022-04-16,-1.5001245504775976e-07
2022-04-17,-1.1229040053969814e-07
2022-04-18,2.796839376714577e-07
2022-04-19,-0.006220407413406416
2022-04-20,0.0006771984621351434
2022-04-21,-0.005057100124823695
2022-04-22,-0.010909570005300528
2022-04-23,5.538610239162312e-07
2022-04-24,1.8528139521643095e-07
2022-04-25,-2.1336138809939963e-06
2022-04-26,-0.0012573836426378268
2022-04-27,0.003286285760086891
2022-04-28,0.00649175348297106
2022-04-29,-0.011133079044599124
2022-04-30,4.965681428519105e-07
2022-05-01,-5.574986922163674e-07
2022-05-02,-9.591698615336871e-08
2022-05-03,-0.001210151054500366
2022-05-04,-0.0035964813684122533
2022-05-05,0.002182293981836257
2022-05-06,-5.79442233111251e-05
2022-05-07,1.2589024964963436e-06
2022-05-08,3.3128286688240424e-06
2022-05-09,1.1108656041207442e-05
2022-05-10,0.0008562353433372315
2022-05-11,0.0016180191967352618
2022-05-12,0.0017896957196101885
2022-05-13,0.0010698821945521967
2022-05-14,-5.617132584671142e-06
2022-05-15,-7.687578635697038e-06
2022-05-16,5.433727260749396e-06
2022-05-17,-0.007747074417583221
2022-05-18,-0.0027324035719725327
2022-05-19,-0.005956834963732966
2022-05-20,0.002007135384956915
2022-05-21,-1.4381943329162942e-05
2022-05-22,-5.042831766658982e-05
2022-05-23,3.58784987940861e-05
2022-05-24,-0.004391986494744743
2022-05-25,0.0026592347439655375
2022-05-26,-0.0020533773387384708
2022-05-27,0.0018243572813317125
2022-05-28,-2.844400533428934e-05
2022-05-29,-4.818262243933465e-05
2022-05-30,-0.00014347618209051594
2022-05-31,1.5240279244355696e-05
2022-06-01,0.004230459303641287
2022-06-02,-0.001326960734964642
2022-06-03,0.002412683049406268
2022-06-04,-4.051125178329304e-05
2022-06-05,-8.420877452025957e-06
2022-06-06,-0.00012252832235722187
2022-06-07,0.0025966901177225856
2022-06-08,-0.0004021644639301989
2022-06-09,-0.0004759462796238256
2022-06-10,0.0012179516185046833
2022-06-11,0.0001482304501308477
2022-06-12,0.00022657014305767957
2022-06-13,0.0010643498654995863
2022-06-14,-0.0002593226216728825
2022-06-15,-0.004666426752754537
2022-06-16,-0.0029741685799294267
2022-06-17,-0.0005389575554867603
2022-06-18,0.003208646907374222
2022-06-19,-0.005313260154724327
2022-06-20,-4.123004857095558e-05
2022-06-21,-5.197573338015729e-05
2022-06-22,0.0017098487553622531
2022-06-23,-0.011316243535970437
2022-06-24,-0.003908653972712991
2022-06-25,-0.0006187208277834459
2022-06-26,0.00132880631605786
2022-06-27,0.0005077625265253814
2022-06-28,0.008504621565531714
2022-06-29,0.008129019507190733
2022-06-30,-0.0048381653968082045
2022-07-01,0.003368877410511552
2022-07-02,-0.00016122422415031773
2022-07-03,-0.00028526616817140915
2022-07-04,-0.0035961285642959026
2022-07-05,0.0002932199879544132
2022-07-06,0.005801370845209957
2022-07-07,-0.0024194291069213917
2022-07-08,-0.0005674403160391705
2022-07-09,6.993741219137897e-05
2022-07-10,0.0005249497766241335
2022-07-11,0.0009850683227749979
2022-07-12,-0.001297947273847593
2022-07-13,-0.003603733582579236
2022-07-14,0.010059847679451447
2022-07-15,-0.009908989657274658
2022-07-16,-0.0006427313673015699
2022-07-17,0.0001396875632952118
2022-07-18,-0.0009943569062003017
2022-07-19,-0.008476014979702523
2022-07-20,0.0041978557425212054
2022-07-21,-0.006083861629169246
2022-07-22,-0.0039726527661731025
2022-07-23,3.215742814112722e-05
2022-07-24,-0.00018814183437056598
2022-07-25,0.0007170171889954748
2022-07-26,0.008382515542215894
2022-07-27,-0.01218544367019432
2022-07-28,-0.005923681340861053
2022-07-29,-0.004417218322808986
2022-07-30,0.00013007915702495796
2022-07-31,0.0001317130376854826
2022-08-01,0.00014713217355191228
2022-08-02,0.005848529056483643
2022-08-03,0.000927721800266625
2022-08-04,-0.0067631324568668575
2022-08-05,0.005118586043691623
2022-08-06,0.0003822362737183725
2022-08-07,-0.0001593462172543769
2022-08-08,-0.000518058681705913
2022-08-09,0.0006255948631855314
2022-08-10,-0.007765696785796363
2022-08-11,0.0012301671422446482
2022-08-12,-0.0013748590646533612
2022-08-13,-2.327761637572247e-05
2022-08-14,7.001581583060168e-05
2022-08-15,6.871031262017592e-05
2022-08-16,0.0004472083707226228
2022-08-17,0.002424652423064042
2022-08-18,0.006879550408864517
2022-08-19,0.00632659031291094
2022-08-20,-0.000192265582520819
2022-08-21,-0.0003590794509691273
2022-08-22,7.909722289818696e-05
2022-08-23,-0.002630696577555559
2022-08-24,0.0018192409127090236
2022-08-25,-0.0025401335652427207
2022-08-26,0.0030628044205626833
2022-08-27,0.00033635015648692977
2022-08-28,0.0007693386254317996
2022-08-29,-0.0014559449068278075
2022-08-30,-0.0007797606979210278
2022-08-31,-0.0021118077091085733
2022-09-01,0.008111244605252114
2022-09-02,-2.5592603084362633e-06
2022-09-03,0.00023765645013769813
2022-09-04,-0.0002550229694090149
2022-09-05,8.362079012019506e-05
2022-09-06,0.0014304607444998794
2022-09-07,-0.007893069426332699
2022-09-08,0.0014993374597713216
2022-09-09,-0.013386142764592678
2022-09-10,-0.00047701813653243424
2022-09-11,-3.141882885224531e-05
2022-09-12,-0.00036130117567522384
2022-09-13,0.0181202941140871
2022-09-14,-0.003607982399265591
2022-09-15,0.0011241153262336366
2022-09-16,-0.0007391108387187116
2022-09-17,-0.000454371118569059
2022-09-18,0.0012180165645180928
2022-09-19,-0.0003567537435031225
2022-09-20,0.007095775112058241
2022-09-21,0.012879807758683796
2022-09-22,-0.002573803918382035
2022-09-23,0.021517459146612017
2022-09-24,6.63441273590828e-05
2022-09-25,4.845067674611958e-05
2022-09-26,-0.00011600503226477586
2022-09-27,0.0012703870575291542
2022-09-28,-0.012197919731153658
2022-09-29,-0.003639295887539037
2022-09-30,0.000699703324966793
2022-10-01,2.834003106364954e-05
2022-10-02,5.337970878222172e-05
2022-10-03,-0.00011490758538261611
2022-10-04,-0.01336548406066573
2022-10-05,0.01656584551327167
2022-10-06,0.015085636356483564
2022-10-07,0.004429935523737552
2022-10-08,0.00010887224433615947
2022-10-09,-3.966261704676981e-05
2022-10-10,0.0002514213690919255
2022-10-11,0.000747811087585735
2022-10-12,0.0010941407609020638
2022-10-13,-0.004872076297412757
2022-10-14,0.007319495871151541
2022-10-15,7.441022615131118e-05
2022-10-16,-0.0001222328424195009
2022-10-17,-0.00012962759911625078
2022-10-18,-0.0004975260824298352
2022-10-19,0.006470273674267748
2022-10-20,0.0007162525689878005
2022-10-21,-0.0205744594131842
2022-10-22,-0.00015661013092752935
2022-10-23,-0.0007322486955319704
2022-10-24,0.00029476633536628765
2022-10-25,-0.01986257853258413
2022-10-26,-0.020597462824370465
2022-10-27,0.012141467629073727
2022-10-28,0.004995530586813238
2022-10-29,-0.0004326927724900896
2022-10-30,0.00020731153399970734
2022-10-31,0.00013909209668706458
2022-11-01,-0.0023352327711502457
2022-11-02,0.0041877324866472715
2022-11-03,0.009326276710146927
2022-11-04,-0.024551409820841624
2022-11-05,1.4392876860673764e-05
2022-11-06,0.000561503293043241
2022-11-07,0.00023954192403169395
2022-11-08,-0.00010137363943988436
2022-11-09,0.02062711289753699
2022-11-10,-0.024672580949196884
2022-11-11,0.001675030393927534
2022-11-12,0.001497305957435099
2022-11-13,0.0024147296348714653
2022-11-14,-0.0014688204739522399
2022-11-15,-0.005948583565208096
2022-11-16,0.00489533942022447
2022-11-17,0.0035846822947147063
2022-11-18,0.0032787543203343264
2022-11-19,-0.00020585023705723768
2022-11-20,0.003800816279987768
2022-11-21,0.0033674703427851297
2022-11-22,-0.003778852280569604
2022-11-23,-0.008691176127390838
2022-11-24,-0.0004583161169089571
2022-11-25,0.000506842601703987
2022-11-26,0.0001236617051667678
2022-11-27,0.0003814352330202806
2022-11-28,0.0018551202468756113
2022-11-29,-0.0007908771617926786
2022-11-30,-0.008362186971131887
2022-12-01,0.003453591692197984
2022-12-02,-0.000501789882994766
2022-12-03,0.0020107140554670956
2022-12-04,-0.001898096381587412
2022-12-05,0.0011931624814711676
2022-12-06,-0.002484558025032714
2022-12-07,0.007458414729914746
2022-12-08,-0.004017307775840229
2022-12-09,0.0013879801117766604
2022-12-10,-4.351093654191553e-05
2022-12-11,0.00022310006763542428
2022-12-12,-0.000935997776692197
2022-12-13,-0.0053791040504810135
2022-12-14,0.0018916802405848953
2022-12-15,-0.00405078425021637
2022-12-16,0.010805306442391109
2022-12-17,-0.0015677427905344478
2022-12-18,0.00033566351717138405
2022-12-19,0.0024780007143024663
2022-12-20,-0.0038129260808132223
2022-12-21,0.0022945682990533805
2022-12-22,-0.0038304577209600085
2022-12-23,-0.0011608674449306033
2022-12-24,-0.0003478202022362715
2022-12-25,0.00012336944353399983
2022-12-26,-0.000807923988823051
2022-12-27,0.0016840580895557265
2022-12-28,0.002747476294042758
2022-12-29,-0.0028002313980188443
2022-12-30,-0.0028967409151127318
2022-12-31,0.00038906666245223107
2023-01-01,-0.0005761536234683846
2023-01-02,-0.0008637549823591042
2023-01-03,4.065929523284737e-05
2023-01-04,-0.0002799988534682148
2023-01-05,-0.0018148930766043552
2023-01-06,0.0012902751199548846
2023-01-07,8.91330414027354e-05
2023-01-08,-0.0007817600838974899
2023-01-09,-0.0008852548717676838
2023-01-10,0.010168284117073507
2023-01-11,-0.0031447631547051685
2023-01-12,0.013055425230144201
2023-01-13,0.009800208087747795
2023-01-14,-0.00033260069334860954
2023-01-15,6.650907933203891e-06
2023-01-16,-4.9975945676657515e-05
2023-01-17,5.9193803265801545e-06
2023-01-18,-0.015266274937162157
2023-01-19,-0.0027979700066022924
2023-01-20,0.015553310101181543
2023-01-21,1.455504468006499e-05
2023-01-22,-3.538945343501348e-07
2023-01-23,-1.6499841835010505e-06
2023-01-24,0.017433928068351433
2023-01-25,-0.0006355353938500836
2023-01-26,0.006738744989734926
2023-01-27,0.006693458488145938
2023-01-28,4.663330663132419e-06
2023-01-29,-1.574020521654223e-05
2023-01-30,1.7779918876125095e-05
2023-01-31,0.01268738780099224
2023-02-01,0.018121054232614755
2023-02-02,-0.012480772572464221
2023-02-03,-0.005917295140667042
2023-02-04,2.59461283905019e-07
2023-02-05,-1.7835845536272397e-06
2023-02-06,-1.1091888465042898e-06
2023-02-07,0.0174764166595631
2023-02-08,-0.02186467805840238
2023-02-09,-0.017218116004427055
2023-02-10,-0.008481133536667032
2023-02-11,1.1835407260842777e-05
2023-02-12,-9.83305185605415e-06
2023-02-13,-1.9880718249495705e-06
2023-02-14,0.021307222834980037
2023-02-15,0.011282146534216822
2023-02-16,-0.029512835563872773
2023-02-17,-0.0004312116880707711
2023-02-18,5.082501970077578e-07
2023-02-19,-4.691699100107636e-06
2023-02-20,5.616528212270208e-06
2023-02-21,-2.750628715687667e-06
2023-02-22,0.014497492167990053
2023-02-23,0.01644531374275903
2023-02-24,-0.017282149148599216
2023-02-25,-2.524383807746887e-07
2023-02-26,5.687496426655264e-07
2023-02-27,-1.941222642688491e-07
2023-02-28,0.009961678767850224
2023-03-01,-0.004869252045358619
2023-03-02,0.016491367803972617
2023-03-03,0.012967170949247007
2023-03-04,-2.2487095356204484e-08
2023-03-05,2.4509530678481436e-08
2023-03-06,1.800251072819992e-08
2023-03-07,-0.009024230895444482
2023-03-08,0.0067031661868356225
2023-03-09,-0.0402614151129506
2023-03-10,-0.0358122888832797
2023-03-11,4.106437073546133e-06
2023-03-12,1.3516058203800841e-05
2023-03-13,2.9201178714284674e-05
2023-03-14,0.015511309678281179
2023-03-15,-0.018537221826253863
2023-03-16,0.021360199595506855
2023-03-17,-0.025744685400666417
2023-03-18,-0.00012584078080036566
2023-03-19,0.00016907458520107002
2023-03-20,-0.0001140134263694194
2023-03-21,0.018977276861776825
2023-03-22,-0.0086138321105155
2023-03-23,-0.004985990842916734
2023-03-24,0.0075775669906082066
2023-03-25,-9.775925890120701e-06
2023-03-26,0.00010615381023610766
2023-03-27,-0.0002003164659937932
2023-03-28,0.005109437393613199
2023-03-29,0.0064877484599461036
2023-03-30,-1.7251203849835515e-05
2023-03-31,0.0009859838608281405
2023-04-01,-3.0075890051364817e-05
2023-04-02,-7.397257127634408e-05
2023-04-03,-3.3086968527902594e-05
2023-04-04,-0.003136572985462113
2023-04-05,0.0016883667277586298
2023-04-06,0.0029048350775076758
2023-04-07,-6.992731913198307e-05
2023-04-08,-6.031888315835092e-05
2023-04-09,0.00014506172960351444
2023-04-10,0.0005562026027824855
2023-04-11,0.0018824158786710228
2023-04-12,-0.0011151384648947862
2023-04-13,0.004795006414220157
2023-04-14,0.0018696452724460842
2023-04-15,-0.00011398577195818237
2023-04-16,0.00012530507288685446
2023-04-17,-0.0005555746511180903
2023-04-18,0.0010272681070857017
2023-04-19,-0.001172720414817571
2023-04-20,-0.0017626547131034114
2023-04-21,0.0006014774569585436
2023-04-22,0.00025446781646325283
2023-04-23,-0.00013201497193034864
2023-04-24,-9.926699588571071e-05
2023-04-25,-0.006724977501404574
2023-04-26,0.0019010105708346103
2023-04-27,0.0040163689583099585
2023-04-28,0.0033515881255706753
2023-04-29,8.176196626613597e-06
2023-04-30,-3.913958633805263e-05
2023-05-01,-0.00023974574496836586
2023-05-02,-0.003988335999230107
2023-05-03,-0.00234439701977638
2023-05-04,-0.0038501062135851663
2023-05-05,0.006200806967166165
2023-05-06,-0.00023844811024615204
2023-05-07,-8.64293203926269e-05
2023-05-08,-9.922899352169618e-05
2023-05-09,-0.0020711705511009134
2023-05-10,0.002759078390251864
2023-05-11,0.0008573132686474778
2023-05-12,-0.0007563443221115852
2023-05-13,-1.343832788195239e-05
2023-05-14,1.7981667173968262e-05
2023-05-15,4.3049119346936495e-05
2023-05-16,-0.003696785710537064
2023-05-17,0.003927485870690954
2023-05-18,0.004434162180904353
2023-05-19,-0.003613026513073519
2023-05-20,0.00017696693245786073
2023-05-21,-0.00034359431310970734
2023-05-22,0.0001397939979044525
2023-05-23,-0.002790577512491922
2023-05-24,-0.0081650362184068
2023-05-25,0.004385511746510018
2023-05-26,0.008104382429189703
2023-05-27,2.0407536763463883e-05
2023-05-28,0.0002856643453243467
2023-05-29,-8.069208387755593e-05
2023-05-30,9.641506522026895e-06
2023-05-31,0.0014898985833242519
2023-06-01,0.011935065001207786
2023-06-02,0.007849713488274379
2023-06-03,-8.784259608315874e-06
2023-06-04,3.319926325233808e-07
2023-06-05,-4.979448145287237e-05
2023-06-06,0.012552026276022785
2023-06-07,-0.0009395475490162528
2023-06-08,0.005244371271338277
2023-06-09,-0.0013685386222790624
2023-06-10,-1.8454521840991866e-05
2023-06-11,7.473547972140788e-07
2023-06-12,-1.4212623794324534e-06
2023-06-13,0.0005388689699846447
2023-06-14,0.006467020825613472
2023-06-15,-0.005644594241933768
2023-06-16,0.007479796099808456
2023-06-17,9.904441278899438e-07
2023-06-18,-7.025475821569196e-07
2023-06-19,1.9085336803623313e-06
2023-06-20,5.223386009513026e-06
2023-06-21,0.004421282937787028
2023-06-22,0.005085138718489791
2023-06-23,-0.002837467164678973
2023-06-24,-1.6772430065121478e-06
2023-06-25,1.6213973229706276e-06
2023-06-26,-3.961198144795085e-06
2023-06-27,0.005661010991744021
2023-06-28,0.00754978326443395
2023-06-29,-0.005590199506173089
2023-06-30,0.003966431304161098
2023-07-01,-5.335644635624447e-07
2023-07-02,1.3064385401461686e-06
2023-07-03,3.2827079163939206e-06
2023-07-04,-7.1260978129396615e-06
2023-07-05,-1.3878609137363542e-05
2023-07-06,-0.01831458008959276
2023-07-07,0.007544488992425112
2023-07-08,-5.9766283355257115e-06
2023-07-09,-1.0431698232260554e-05
2023-07-10,2.556602664819215e-05
2023-07-11,0.0028533065250986524
2023-07-12,0.018745305541761004
2023-07-13,-0.0019231028530097023
2023-07-14,0.003668716280465711
2023-07-15,-7.359845680400181e-06
2023-07-16,-7.677167372055103e-06
2023-07-17,-1.1545538469124199e-05
2023-07-18,0.0044475279770981955
2023-07-19,-0.005422092399507427
2023-07-20,-0.0006114049909655587
2023-07-21,0.0038062193453804894
2023-07-22,-1.1919476527233967e-06
2023-07-23,1.3272697795413218e-06
2023-07-24,-3.1292155938955444e-06
2023-07-25,0.0004103067031290008
2023-07-26,0.008619875127423626
2023-07-27,-0.01619832299927515
2023-07-28,0.013004940062985387
2023-07-29,1.2806853696181363e-07
2023-07-30,-3.7042216886077874e-07
2023-07-31,-9.328603449741996e-08
2023-08-01,-0.006332134773054623
2023-08-02,-0.028964360213360917
2023-08-03,-0.00014143997758420959
2023-08-04,-0.009451888595108463
2023-08-05,3.501480497421042e-07
2023-08-06,-5.674135619323053e-07
2023-08-07,7.69751048118667e-07
2023-08-08,-0.006344069754072738
2023-08-09,0.0027414413360842423
2023-08-10,-0.001596547810382765
2023-08-11,0.007023977432216821
2023-08-12,5.305118638350904e-07
2023-08-13,-2.977361234012281e-06
2023-08-14,2.3259009907747366e-06
2023-08-15,-0.018610455931386556
2023-08-16,-0.0062703284475003965
2023-08-17,-0.015136994004543035
2023-08-18,0.007060526289436692
2023-08-19,4.35199229994092e-07
2023-08-20,8.528814482223202e-07
2023-08-21,-8.115793359825454e-07
2023-08-22,-0.0011646216603622818
2023-08-23,0.012751971696349632
2023-08-24,-0.012351159745671535
2023-08-25,0.012329060616570872
2023-08-26,-1.6687311102725836e-07
2023-08-27,3.3566428768044466e-07
2023-08-28,-2.6434898636346424e-08
2023-08-29,0.010049095579231388
2023-08-30,0.007928470446487814
2023-08-31,0.005840013028477211
2023-09-01,0.0036396215291819313
2023-09-02,1.6477110447251415e-07
2023-09-03,2.765271048604963e-07
2023-09-04,-5.596400302576791e-07
2023-09-05,1.0650377858381846e-08
2023-09-06,-0.0057130657991527915
2023-09-07,0.0008627216737849131
2023-09-08,0.0062526460846992074
2023-09-09,9.830199666656571e-09
2023-09-10,9.04808529924485e-08
2023-09-11,6.850870271448412e-07
2023-09-12,-0.0022365820227092984
2023-09-13,0.0061405674867109
2023-09-14,0.009593276942889396
2023-09-15,-0.013724915796239799
2023-09-16,1.1839406705063849e-07
2023-09-17,1.4376034202758843e-07
2023-09-18,-5.584302561262753e-07
2023-09-19,0.001395725372374858
2023-09-20,-0.013431716804587055
2023-09-21,-0.027814833156095738
2023-09-22,0.00036467554068662255
2023-09-23,-1.3251676977607936e-06
2023-09-24,8.824297669932867e-05
2023-09-25,-3.8451504514734394e-05
2023-09-26,-0.01868212213208372
2023-09-27,0.003456475142427792
2023-09-28,0.010932041538707712
2023-09-29,-0.004842975942531102
2023-09-30,-2.7475389878272747e-05
2023-10-01,-0.0004786221065695179
2023-10-02,0.00044449721395525973
2023-10-03,-0.019240241220487758
2023-10-04,0.0071681022517206955
2023-10-05,0.0029082513399187704
2023-10-06,0.002210034914501191
2023-10-07,0.00013762628159112218
2023-10-08,1.4338108993122643e-05
2023-10-09,0.0008107255262331726
2023-10-10,0.005233106132398035
2023-10-11,0.0021572390971612274
2023-10-12,-0.0030570737547143466
2023-10-13,-0.012564603038834098
2023-10-14,-0.00011060702517825428
2023-10-15,-0.00013300033831613648
2023-10-16,-0.0016915381215040649
2023-10-17,-0.0012333728494317176
2023-10-18,-0.004779433239831352
2023-10-19,-0.0020566471872826985
2023-10-20,0.0024741928523317387
2023-10-21,-0.0008015473459801932
2023-10-22,-0.0014175507754178574
2023-10-23,0.00036544364100790113
2023-10-24,0.004757377037194096
2023-10-25,-0.0011096545117970545
2023-10-26,-0.0018940986811905643
2023-10-27,0.00013166750475068485
2023-10-28,0.00022448197858239194
2023-10-29,-8.443030155402915e-05
2023-10-30,-0.00038421312285713305
2023-10-31,-0.0001413823856593606
2023-11-01,0.0036102172766161542
2023-11-02,-0.00031208780607504564
2023-11-03,0.001996244724588056
2023-11-04,0.0004578766572299548
2023-11-05,0.00026375453708752294
2023-11-06,-2.0042380616777556e-05
2023-11-07,0.0015750199769333103
2023-11-08,-0.0005244140235793125
2023-11-09,0.0031636075645121646
2023-11-10,0.003508422697684297
2023-11-11,-0.0013392472916387652
2023-11-12,-0.0005439296458723864
2023-11-13,-0.0024623992392674337
2023-11-14,-0.010023893125306417
2023-11-15,0.012317847807342089
2023-11-16,-0.012336485200422838
2023-11-17,0.002134027088863836
2023-11-18,-1.5173971108503435e-05
2023-11-19,0.005091046541165885
2023-11-20,0.0005719764258356999
2023-11-21,-0.007870218030879958
2023-11-22,0.006232231873055525
2023-11-23,-0.0005247273367023526
2023-11-24,0.0017440016493850646
2023-11-25,0.00025242643683541814
2023-11-26,-0.0013288446303660157
2023-11-27,-0.0010665743096958682
2023-11-28,0.004881703671106957
2023-11-29,0.0003242825033328834
2023-11-30,-0.0017575207074350975
2023-12-01,0.007092932762302715
2023-12-02,0.003989365173750353
2023-12-03,0.0022719351858015817
2023-12-04,0.007245292282611443
2023-12-05,0.012931286331267377
2023-12-06,-0.0038060010290367438
2023-12-07,-0.001052272665700349
2023-12-08,0.007660634818079739
2023-12-09,-0.0023135284284175163
2023-12-10,0.0005628478268904142
2023-12-11,-0.014621358899818075
2023-12-12,0.0033025031935738185
2023-12-13,0.016560442400658217
2023-12-14,0.002423821756546831
2023-12-15,-0.011681686436874868
2023-12-16,0.0014117246157146351
2023-12-17,-0.004488854302917782
2023-12-18,0.005050536472843234
2023-12-19,-0.0006579329711238321
2023-12-20,0.009045418570150503
2023-12-21,0.0040855136012522275
2023-12-22,0.005175521159547855
2023-12-23,-0.0013904283796747569
2023-12-24,-0.0037013439401534574
2023-12-25,0.0018228910283509176
2023-12-26,-0.0048826510934184865
2023-12-27,0.013127619920217564
2023-12-28,-0.009434855992495673
2023-12-29,-0.00514757070520701
2023-12-30,-0.00015701731339590606
2023-12-31,-6.481960061057338e-05
2024-01-01,0.008978717263672633
2024-01-02,0.002868694659683233
2024-01-03,-0.019379453889997088
2024-01-04,0.007821148352207957
2024-01-05,-0.0012905329783401
2024-01-06,-0.0019085598588486853
2024-01-07,-0.0010585894451858393
2024-01-08,0.015308443622563488
2024-01-09,-0.002605523214036257
2024-01-10,0.01843539349921076
2024-01-11,0.0015893490010037664
2024-01-12,-0.025845786809345104
2024-01-13,0.0020232562923310237
2024-01-14,-0.008301765369750988
2024-01-15,0.004155728096103268
2024-01-16,0.005544556022238034
2024-01-17,-0.006090020787239535
2024-01-18,-0.014622946052396028
2024-01-19,0.004977867658540465
2024-01-20,-0.0006803157452111465
2024-01-21,-0.0011477053952527712
2024-01-22,-0.014461515663889452
2024-01-23,-0.005437906448665204
2024-01-24,0.0010803808868219515
2024-01-25,0.0015754095416761573
2024-01-26,0.011094706046318042
2024-01-27,0.000986952129004947
2024-01-28,-0.0006160744862822212
2024-01-29,0.005903384464149396
2024-01-30,0.0013508047312972816
2024-01-31,-0.004641110577310798
2024-02-01,0.006986513819206809
2024-02-02,-0.008976082120743792
2024-02-03,-0.0008680683053926274
2024-02-04,-0.001228679078687468
2024-02-05,0.0004291513799093108
2024-02-06,0.007908020249702235
2024-02-07,0.005711940630956178
2024-02-08,0.005477839334807657
2024-02-09,0.013342531564482195
2024-02-10,0.002164504654282669
2024-02-11,0.0016391459695251952
2024-02-12,0.009507452504338845
2024-02-13,-0.004261072699791329
2024-02-14,0.019250631499878202
2024-02-15,0.002554796270471921
2024-02-16,-0.00014337972219145742
2024-02-17,-0.0021485768465021983
2024-02-18,0.005552949398118648
2024-02-19,0.0019492599291391747
2024-02-20,0.004873892560557636
2024-02-21,-0.00648606817559332
2024-02-22,0.0012818846123663725
2024-02-23,-0.00697985984092058
2024-02-24,0.006039177352949792
2024-02-25,0.005710629546012687
2024-02-26,0.012102392004723215
2024-02-27,0.017146427225724792
2024-02-28,0.028818340052522456
2024-02-29,-0.001211525226662657
2024-03-01,0.008614212704544691
2024-03-02,-0.0014811794527118405
2024-03-03,0.0051756088988183565
2024-03-04,0.01691768825008368
2024-03-05,-0.02426639183724861
2024-03-06,0.022942703664205522
2024-03-07,0.004695915164216626
2024-03-08,0.0057770795701793005
2024-03-09,0.0011702938828324673
2024-03-10,-0.00010730538970870512
2024-03-11,0.012026877304565258
2024-03-12,-0.004927367041909318
2024-03-13,0.006574107354800673
2024-03-14,-0.013198197868173818
2024-03-15,-0.008587567678189278
2024-03-16,-0.015044175852032065
2024-03-17,0.009406358120374688
2024-03-18,-0.0057710724349115455
2024-03-19,-0.026816969386011687
2024-03-20,0.022066466428169392
2024-03-21,-0.005021486353322465
2024-03-22,-0.009025501722054125
2024-03-23,0.0005012894897144799
2024-03-24,0.008011050680042429
2024-03-25,0.0077379751277393775
2024-03-26,-0.0019744254253565912
2024-03-27,-0.0036504165181059692
2024-03-28,0.005791870695959048
2024-03-29,-0.002245781857108152
2024-03-30,-0.0004159755748871927
2024-03-31,0.005275418277566368
2024-04-01,-0.005340129277232647
2024-04-02,-0.01465556410719929
2024-04-03,0.0018756423077315818
2024-04-04,0.004957060445717063
2024-04-05,-0.0010592331796108337
2024-04-06,0.001245355484485701
2024-04-07,0.0017695944999997083
2024-04-08,0.005268626999995017
2024-04-09,-0.007311670123822224
2024-04-10,0.00047788460077530324
2024-04-11,0.0015692164068562143
2024-04-12,-0.0055888241348792155
2024-04-13,-0.002518946978079008
2024-04-14,0.001006643749802927
2024-04-15,-0.0008741456278751318
2024-04-16,-0.0050900807035045865
2024-04-17,-0.0018713317368955922
2024-04-18,0.004297771166975509
2024-04-19,0.0039039944472898185
2024-04-20,0.0003139865550821378
2024-04-21,-2.840225231811533e-05
2024-04-22,0.0003847517477247004
2024-04-23,-0.0011907666283697562
2024-04-24,0.0015228926879995073
2024-04-25,0.0005530767280909241
2024-04-26,-8.755647815953687e-05
2024-04-27,0.0002922322696707263
2024-04-28,-3.4063521853903585e-05
2024-04-29,1.257443054881732e-05
2024-04-30,-0.010561950579227044
2024-05-01,-0.0042229382172148475
2024-05-02,0.002070560241819613
2024-05-03,0.007978983935400016
2024-05-04,0.0008621938757457821
2024-05-05,0.0003103282156961368
2024-05-06,-0.0014325422423379338
2024-05-07,-0.00048123247210394345
2024-05-08,-0.0024524551268038904
2024-05-09,0.004213570776735001
2024-05-10,-0.0031048625350756074
2024-05-11,7.114034486220721e-06
2024-05-12,0.0004314939765964245
2024-05-13,0.0008646519035015995
2024-05-14,0.00017671652908689094
2024-05-15,0.00852813585587386
2024-05-16,-0.003041622493434452
2024-05-17,0.0065839603930722196
2024-05-18,3.7265282307363314e-05
2024-05-19,-0.00020174714284753193
2024-05-20,0.0018140318265739014
2024-05-21,0.0011009057663394122
2024-05-22,-0.009900197164926362
2024-05-23,-0.005547901825886038
2024-05-24,0.003658473755615904
2024-05-25,0.0004898133795694934
2024-05-26,3.2727134960076894e-05
2024-05-27,0.0007879817424609045
2024-05-28,-0.0008883271239290211
2024-05-29,-0.004005635889337049
2024-05-30,0.0011283770110900651
2024-05-31,-0.0012759995921235797
2024-06-01,0.0008787513082202337
2024-06-02,-0.0004447100754655955
2024-06-03,0.00029550151273056383
2024-06-04,0.00398555193666028
2024-06-05,0.005420836338558003
2024-06-06,-0.0009133380468160897
2024-06-07,-0.01436454379664326
2024-06-08,-4.887466879672922e-06
2024-06-09,0.000818783115735297
2024-06-10,-0.0008390077486128427
2024-06-11,-0.006941713368600202
2024-06-12,0.0075805421283047115
2024-06-13,0.0002720433501996366
2024-06-14,0.00020934140342020486
2024-06-15,0.000671389571076993
2024-06-16,0.0006083123845061521
2024-06-17,-0.0008726112169627491
2024-06-18,0.00460853603202304
2024-06-19,0.00035122422071033653
2024-06-20,-0.00034629696351677175
2024-06-21,-0.000970341382347688
2024-06-22,-6.260763074831827e-05
2024-06-23,-0.0007472157402125938
2024-06-24,-0.0012256581545077405
2024-06-25,0.002927681275399486
2024-06-26,-0.014011322494588929
2024-06-27,0.0067184424465516045
2024-06-28,-0.014661694048586084
2024-06-29,0.00012752224901328783
2024-06-30,0.0008165088805390657
2024-07-01,0.00010134536109671474
2024-07-02,0.009165745810599698
2024-07-03,0.01488318467324929
2024-07-04,-0.0006936489754185199
2024-07-05,-0.0001620464485330362
2024-07-06,0.0002765735760531312
2024-07-07,-0.0004805090857576143
2024-07-08,0.00021175393692336443
2024-07-09,-0.004797486112100928
2024-07-10,0.005287923498073386
2024-07-11,0.016577009623480576
2024-07-12,0.00885281160821997
2024-07-13,7.285543457866203e-05
2024-07-14,8.852297067432612e-05
2024-07-15,0.00024858644315858174
2024-07-16,0.01332097018571052
2024-07-17,-0.0008364954054094812
2024-07-18,-0.010150386533613772
2024-07-19,-0.008509359820757099
2024-07-20,1.438154721359539e-05
2024-07-21,3.0003839809896176e-05
2024-07-22,-3.810978557873682e-05
2024-07-23,0.0008403724151239339
2024-07-24,-0.012079503193483755
2024-07-25,0.005281135070762576
2024-07-26,0.014439975567047968
2024-07-27,-1.150465069103082e-05
2024-07-28,2.1039135320362852e-05
2024-07-29,-2.7903147910719873e-05
2024-07-30,0.004054954315164256
2024-07-31,0.01822355841879399
2024-08-01,0.007073869176896319
2024-08-02,0.03134614709529517
2024-08-03,-2.1030319107991243e-06
2024-08-04,-8.178915037297092e-06
2024-08-05,-1.607783049190103e-05
2024-08-06,-0.007830465572760887
2024-08-07,-0.007898011154150697
2024-08-08,-0.000376628475711271
2024-08-09,0.009647932271311105
2024-08-10,-7.49704525457117e-07
2024-08-11,1.5794531022496105e-05
2024-08-12,-7.468870345287404e-06
2024-08-13,0.014780390690805275
2024-08-14,0.005504917022173727
2024-08-15,-0.011201288371725914
2024-08-16,0.006995827987105496
2024-08-17,-9.590666475833866e-07
2024-08-18,1.548359950265288e-06
2024-08-19,-1.6941791644880308e-06
2024-08-20,0.00831661450270398
2024-08-21,0.0077410899633114745
2024-08-22,-0.012052046775950613
2024-08-23,0.015973110339266114
2024-08-24,-3.594549273383433e-07
2024-08-25,4.007623253343353e-07
2024-08-26,5.847612839678184e-06
2024-08-27,4.8014867276212135e-06
2024-08-28,-0.00293388932771944
2024-08-29,-0.0007295266833222102
2024-08-30,-0.00011310540100997426
2024-08-31,2.0803049030872654e-07
2024-09-01,8.482537663983334e-07
2024-09-02,-1.6958654004448661e-06
2024-09-03,1.9179928153643406e-06
2024-09-04,0.006778543543847441
2024-09-05,0.0008749899532677376
2024-09-06,-0.0030679003923264722
2024-09-07,-1.8170141351212626e-06
2024-09-08,6.355754042540028e-08
2024-09-09,5.981639358044318e-07
2024-09-10,0.00735728655308748
2024-09-11,0.0001316283160843872
2024-09-12,0.0014095098716650311
2024-09-13,0.011143408545800398
2024-09-14,8.047075638468091e-08
2024-09-15,1.0565441498292848e-06
2024-09-16,-1.0662902889938826e-07
2024-09-17,-0.0031143869015984923
2024-09-18,-0.008286027882009965
2024-09-19,0.006174404644273504
2024-09-20,-0.0007439938647679182
2024-09-21,-1.1483979188685065e-06
2024-09-22,5.484100955667726e-07
2024-09-23,-1.5106858060240047e-06
2024-09-24,0.0036192703174735483
2024-09-25,-0.010297902716943466
2024-09-26,0.001192028855137562
2024-09-27,0.009998138786394883
2024-09-28,3.7193008437102966e-07
2024-09-29,4.666295588376939e-07
2024-09-30,1.931145066220132e-06
2024-10-01,0.008257483353042423
2024-10-02,-0.0055851933885301555
2024-10-03,-0.01567556938074315
2024-10-04,-0.02000515321117216
2024-10-05,-1.2866837672443127e-07
2024-10-06,-3.641916167122722e-06
2024-10-07,2.108292626115874e-06
2024-10-08,0.006400323879418916
2024-10-09,-0.003644556757101394
2024-10-10,-0.002795331149931601
2024-10-11,0.008486197160189331
2024-10-12,-1.837211908837833e-07
2024-10-13,-5.519759463215368e-07
2024-10-14,-3.862937463480755e-08
2024-10-15,0.005207312219839825
2024-10-16,0.00763392381450665
2024-10-17,-0.011040494467243582
2024-10-18,0.005427689908977802
2024-10-19,-2.1900925059958459e-07
2024-10-20,-1.3164034805584066e-06
2024-10-21,-3.281692882257922e-08
2024-10-22,-0.0035506139018630827
2024-10-23,-0.010139912990759569
2024-10-24,0.0048237416277770616
2024-10-25,-0.005809046720732749
2024-10-26,-1.1884694677735088e-07
2024-10-27,2.937102067410408e-07
2024-10-28,4.6542463213940115e-07
2024-10-29,0.0003144711501264335
2024-10-30,-0.0020880382448625846
2024-10-31,-0.007714973857142588
2024-11-01,-0.010265464951749058
2024-11-02,-1.1543983706032392e-07
2024-11-03,-6.374133495850039e-07
2024-11-04,-8.666961070415791e-07
2024-11-05,0.008719118336690963
2024-11-06,-0.018624773902102754
2024-11-07,0.015329040576596531
2024-11-08,0.011233778145846003
2024-11-09,-1.9434760854223272e-07
2024-11-10,7.282127631657213e-07
2024-11-11,1.4419370924596998e-06
2024-11-12,-0.017245718100958905
2024-11-13,-0.0010833436372280668
2024-11-14,-0.007473880505937453
2024-11-15,-0.003266917922264202
2024-11-16,-9.136340702171794e-08
2024-11-17,-4.070786351317949e-07
2024-11-18,5.713448043535954e-07
2024-11-19,0.004838004873555318
2024-11-20,-0.00240796347276353
2024-11-21,0.0027539902249064246
2024-11-22,0.0030354180637326444
2024-11-23,-2.649572049820428e-07
2024-11-24,-3.16809433330723e-08
2024-11-25,-2.2143748091481528e-06
2024-11-26,-0.0006984922757683962
2024-11-27,0.0037199778770082743
2024-11-28,-9.28454474263335e-07
2024-11-29,3.0588387288712832e-06
2024-11-30,-5.227967358151208e-07
2024-12-01,3.0425780106872033e-06
2024-12-02,-3.7253041538735348e-06
2024-12-03,-0.0024028445774966936
2024-12-04,0.006367223348121911
2024-12-05,-0.002079503371594409
2024-12-06,0.004912639630804574
2024-12-07,-8.308174935606638e-08
2024-12-08,4.218365587426072e-06
2024-12-09,-1.4948873367908811e-05
2024-12-10,-0.0027022091442172173
2024-12-11,-0.0013666598997486132
2024-12-12,-0.008931334991694661
2024-12-13,-0.00565270305275951
2024-12-14,-8.077376752713055e-06
2024-12-15,4.9030909087068587e-05
2024-12-16,2.7599320699607933e-05
2024-12-17,-0.005206409745000029
2024-12-18,-0.03364086415586014
2024-12-19,-0.006909318707363997
2024-12-20,0.013766089489830925
2024-12-21,-2.399081883923156e-05
2024-12-22,-7.400140659981711e-05
2024-12-23,1.250512544131225e-05
2024-12-24,0.00936409370988812
2024-12-25,1.6139701202710885e-05
2024-12-26,-0.00030618926302447016
2024-12-27,-0.009080821607586529
2024-12-28,3.423285415446362e-05
2024-12-29,-3.771674540035166e-05
2024-12-30,-1.2035227047930369e-05
2024-12-31,-0.001349049000103544
2025-01-01,1.567382006338934e-05
2025-01-02,7.524121307923502e-05
2025-01-03,0.004688322041023796
2025-01-04,2.5075921333627395e-05
2025-01-05,-6.74353135572007e-06
2025-01-06,0.0001222738531339154
2025-01-07,-0.010846165815533278
2025-01-08,0.0009363860913863812
2025-01-09,-0.00012141687987818618
2025-01-10,6.287530293377181e-05
2025-01-11,1.559902920290395e-06
2025-01-12,-5.52569368470951e-06
2025-01-13,-3.1649609615114195e-05
2025-01-14,0.0039001919495895254
2025-01-15,0.014031694276505661
2025-01-16,0.0028826437013295776
2025-01-17,0.005865581287739013
2025-01-18,-0.00011218512703540009
2025-01-19,-0.0002993351060003635
2025-01-20,7.686724525078915e-05
2025-01-21,0.00026961054680740495
2025-01-22,-0.0006208684468890869
2025-01-23,0.0033695543194519526
2025-01-24,0.0003817035513441904
2025-01-25,-2.7653767094283292e-06
2025-01-26,-0.00013787257311533545
2025-01-27,-4.582505163548542e-05
2025-01-28,0.0011456654290521967
2025-01-29,-0.0016147605475611568
2025-01-30,0.006122357026019317
2025-01-31,-0.003388926702462217
2025-02-01,-5.962452482116735e-05
2025-02-02,-7.271817834853351e-05
2025-02-03,3.853946325505371e-05
2025-02-04,0.003478385816766186
2025-02-05,0.003865282327133339
2025-02-06,0.0015272266470132152
2025-02-07,-0.0057758608637663465
2025-02-08,-1.1668807019430856e-06
2025-02-09,3.885834035016205e-07
2025-02-10,3.7539670679714113e-06
2025-02-11,-0.0003520107562682742
2025-02-12,-0.0023622855855422757
2025-02-13,0.00710128602104923
2025-02-14,0.0001494202373065881
2025-02-15,2.3497454277164407e-06
2025-02-16,-4.352766399073841e-06
2025-02-17,-6.238184265752145e-06
2025-02-18,3.169332819502892e-06
2025-02-19,0.0005912613279729995
2025-02-20,-0.004411389612191114
2025-02-21,-0.011332097743093506
2025-02-22,-2.2023213396382588e-05
2025-02-23,-1.928212867161932e-05
2025-02-24,-7.440767278380716e-06
2025-02-25,-0.000984331244600189
2025-02-26,-0.0006166606169017441
2025-02-27,-0.007835148694407544
2025-02-28,0.01127402588064018
2025-03-01,2.6258031251451397e-05
2025-03-02,2.0774545922038276e-05
2025-03-03,3.207937867243596e-06
2025-03-04,-0.010409110106464552
2025-03-05,0.004675404991018808
2025-03-06,-0.0112086477954896
2025-03-07,0.003475539037693576
2025-03-08,-5.847130168766123e-05
2025-03-09,5.3278672377893414e-05
2025-03-10,8.22750988279808e-05
2025-03-11,-0.006783517795956087
2025-03-12,-7.714732460023947e-05
2025-03-13,-0.007176387563531451
2025-03-14,0.008802490381296633
2025-03-15,-0.00020153677932231563
2025-03-16,0.00014005374131953067
2025-03-17,-0.00013923054639042158
2025-03-18,-0.005315886897508583
2025-03-19,0.006967398130711469
2025-03-20,-0.001300959851033021
2025-03-21,-0.0007541139450310053
2025-03-22,-0.00029123435953980713
2025-03-23,0.00012205523428017952
2025-03-24,-0.0006813518953527223
2025-03-25,0.0003212528162475616
2025-03-26,-0.0034831451146406785
2025-03-27,-0.0011104040928778464
2025-03-28,-0.003052955380829438
2025-03-29,0.0006589225988228274
2025-03-30,0.00023025401068592293
2025-03-31,-0.000189758956561831
2025-04-01,0.001615993855362466
2025-04-02,0.002951143914872688
2025-04-03,-0.012469086843547384
2025-04-04,-0.00850094601426458
2025-04-05,6.206081792088377e-05
2025-04-06,0.0016256115308779734
2025-04-07,0.00018769056054141346
2025-04-08,0.0004693902184860005
2025-04-09,-0.00023895971762857016
2025-04-10,0.00033156009780911915
2025-04-11,0.0005751982962637801
2025-04-12,-0.0016047262722543565
2025-04-13,0.0009054857409966547
2025-04-14,-0.0005542359251680643
2025-04-15,0.00048233072373575654
2025-04-16,5.974733953228081e-05
2025-04-17,-0.0001068714665868858
2025-04-18,-0.0002558113059486153
2025-04-19,-0.0011272187078697233
2025-04-20,0.0011126614706675063
2025-04-21,0.00017566502880481984
2025-04-22,-0.0025382107756885793
2025-04-23,-5.022676216711428e-06
2025-04-24,0.002859946150429061
2025-04-25,-0.0006554065764647318
2025-04-26,-0.0013353625958420318
2025-04-27,0.0011339482170730551
2025-04-28,-0.00030411580561145595
2025-04-29,-0.0004610263902659098
2025-04-30,-0.0010407071811762657
2025-05-01,-0.0004980690102525469
2025-05-02,0.001171035657781338
2025-05-03,0.0003575838314196073
2025-05-04,0.000928127370782978
2025-05-05,-0.0005027077138196329
2025-05-06,0.002198594529268727
2025-05-07,0.0006148838511343846
2025-05-08,-0.004144163730436942
2025-05-09,-0.002321645334553632
2025-05-10,-0.004478909172529827
2025-05-11,0.0012109140388564417
2025-05-12,-0.0004851598934002782
2025-05-13,-0.0009529232635482567
2025-05-14,-0.00017022213478223828
2025-05-15,0.001733108546723537
2025-05-16,0.0008662813184227657
2025-05-17,0.0010824029349915173
2025-05-18,0.0013996572113550549
2025-05-19,-0.0011556093949778793
2025-05-20,0.002563230472945246
2025-05-21,0.0034059609996611754
2025-05-22,0.004223042767134823
2025-05-23,-0.005756812418963301
2025-05-24,0.0003137382059842063
2025-05-25,0.0008029314850990207
2025-05-26,0.00019474946137833075
2025-05-27,-0.00019414786235787043
2025-05-28,-0.004912145809591151
2025-05-29,-0.0037140976571669896
2025-05-30,-0.003021246951765437
2025-05-31,0.0005824755987452392
2025-06-01,0.0009656673027016156
2025-06-02,0.0003915634031375898
2025-06-03,0.0011528288017196486
2025-06-04,-0.0012066194783808305
2025-06-05,-0.005842457210946804
2025-06-06,0.003890898658893468
2025-06-07,0.0011921511233620198
2025-06-08,0.00012123985341297075
2025-06-09,0.004319518032674831
2025-06-10,0.0006943684909022243
2025-06-11,-0.0024800203915707323
2025-06-12,-0.00382259913796096
2025-06-13,-0.0029085159182308763
2025-06-14,-0.0005561449912876697
2025-06-15,0.00011397526582930383
2025-06-16,0.0004311841037262582
2025-06-17,-0.006473081520945639
2025-06-18,-0.0012717189495727486
2025-06-19,-0.00023045226361612765
2025-06-20,-0.002553108412900384
2025-06-21,-0.0019336677979766726
2025-06-22,-0.0016097665052278352
2025-06-23,0.004511024201058013
2025-06-24,0.0040175568572868555
2025-06-25,0.002146154720465101
2025-06-26,0.00017217308176007502
2025-06-27,-0.0011731774155114112
2025-06-28,0.0005031735065417512
2025-06-29,0.0023149415197299124
2025-06-30,-0.0019938751552363316
2025-07-01,-0.006347722625821927
2025-07-02,0.008713458585024186
2025-07-03,0.0005282601769793445
2025-07-04,-0.0024002694858387065
2025-07-05,0.0002630630922110938
2025-07-06,0.0013933267876220835
2025-07-07,-0.0012899718726978359
2025-07-08,0.001901602636962085
2025-07-09,0.0072869734433827745
2025-07-10,0.009414437425378844
2025-07-11,0.007341313107811968
2025-07-12,-0.0002512636886890816
2025-07-13,0.0034797542558041247
2025-07-14,0.0017190630969822574
2025-07-15,-0.00808053196752394
2025-07-16,0.006989884222046166
2025-07-17,0.0011239342661200846
2025-07-18,-0.003800911688405275
2025-07-19,8.641059685291326e-05
2025-07-20,-0.0004076535917333342
2025-07-21,0.00022651275414696553
2025-07-22,0.005804322069931547
2025-07-23,-0.0018039257835730097
2025-07-24,-0.0007131946615913794
2025-07-25,-0.002416776199402575
2025-07-26,0.00033131460552434316
2025-07-27,0.0022630613127123623
2025-07-28,-0.0024739222882282494
2025-07-29,0.00019135180870519355
2025-07-30,-0.00214067208534213
2025-07-31,-0.004387991467757798
2025-08-01,-0.0025619295078814545
2025-08-02,-0.00027981098690544606
2025-08-03,0.0003448022779498422
2025-08-04,0.0005809311592955902
2025-08-05,-0.0005293497780436478
2025-08-06,0.0025794006111777784
2025-08-07,0.003922269126588174
2025-08-08,0.00026539537524944006
2025-08-09,0.0009630220817648178
2025-08-10,0.0010708834536856226
2025-08-11,-0.00042616315634145656
2025-08-12,0.006536156378350545
2025-08-13,0.008259486641591027
2025-08-14,-0.009066654253026687
2025-08-15,-0.0006180627711323261
2025-08-16,-1.5845386694943185e-05
2025-08-17,0.00010588891763322364
2025-08-18,-0.0005998894649609933
2025-08-19,-0.0028899653817618673
2025-08-20,0.0017275999474635451
2025-08-21,-0.002939323680721372
2025-08-22,0.00962567916887722
2025-08-23,-0.0001911343440099729
2025-08-24,-0.00014565054128033586
2025-08-25,-0.0004503458153044874
2025-08-26,0.0014027156297876599
2025-08-27,-0.0003295897620091868
2025-08-28,0.0035352024867130985
2025-08-29,-0.002603407678668389
2025-08-30,4.693022479388151e-06
2025-08-31,-3.7070133363218237e-06
2025-09-01,9.270951922843838e-07
2025-09-02,2.1870173214793246e-05
2025-09-03,0.009424233843829326
2025-09-04,0.007934289910908134
2025-09-05,0.0190992386202877
2025-09-06,-1.024503950683033e-06
2025-09-07,1.3995556180364803e-06
2025-09-08,1.2704946620840177e-06
2025-09-09,-0.007430835261447648
2025-09-10,0.009856045725861549
2025-09-11,0.011420057604699302
2025-09-12,-0.006254590050236709
2025-09-13,-9.490643615315622e-07
2025-09-14,-1.4872125882996162e-06
2025-09-15,-1.1265367456177978e-06
2025-09-16,0.0008180531062113841
2025-09-17,-0.00448945598615198
2025-09-18,-0.006656472227656499
2025-09-19,-0.001479635561496019
2025-09-20,4.992539069608377e-07
2025-09-21,-2.2491971968368393e-06
2025-09-22,-1.5761064906843233e-05
2025-09-23,0.006597589779671958
2025-09-24,-0.007353135777579676
2025-09-25,-0.00876082210724352
2025-09-26,0.002922618664328578
2025-09-27,-2.882623135990604e-07
2025-09-28,5.377490844883987e-06
2025-09-29,6.6798673047576e-06
2025-09-30,-0.0010645870069148633
2025-10-01,0.011117339663445911
2025-10-02,0.0014925731715519463
2025-10-03,-0.0029946642741428557
2025-10-04,-6.304414290987487e-07
2025-10-05,1.4384542001656087e-06
2025-10-06,6.794973859481232e-06
2025-10-07,0.002582147079483585
2025-10-08,-0.0012421766484684838
2025-10-09,-0.00629056435700155
2025-10-10,0.0030922127548008113
2025-10-11,-2.0868304060157883e-06
2025-10-12,7.796993018586462e-06
2025-10-13,2.38514558773353e-06
2025-10-14,0.00149453258835188
2025-10-15,0.003816047464385847
2025-10-16,0.010206722539985513
2025-10-17,-0.0021738474713072697
2025-10-18,5.821875279117186e-07
2025-10-19,1.0575258975372623e-06
2025-10-20,5.15504054000678e-07
2025-10-21,0.0038432502529670916
2025-10-22,0.00011002417432637022
2025-10-23,-0.00575735838100184
2025-10-24,0.006940488240202264
2025-10-25,2.1545890796472805e-07
2025-10-26,1.7564628289609253e-06
2025-10-27,-3.449894673015216e-07
2025-10-28,0.0005589620086282549
2025-10-29,-0.02260204838837629
2025-10-30,-0.008387627630920144
2025-10-31,0.0013632591004028804
2025-11-01,2.0523475754517605e-06
2025-11-02,2.8415850266455286e-06
2025-11-03,-2.5620491928801278e-05
2025-11-04,0.0015593555310525044
2025-11-05,-0.011510008876465437
2025-11-06,0.011939642438208262
2025-11-07,0.0012634837837647154
2025-11-08,-6.935667330358752e-06
2025-11-09,2.096225371062407e-05
2025-11-10,2.5875269943271314e-06
2025-11-11,0.012526721497454417
2025-11-12,-0.004018890264343307
2025-11-13,-0.016299994269364095
2025-11-14,-0.0052922896615046205
2025-11-15,5.492429017420472e-06
2025-11-16,-7.303948633498787e-06
2025-11-17,-7.2569821666076056e-06
2025-11-18,0.0018649559186631492
2025-11-19,-0.001968791759674917
2025-11-20,0.0024432218603622127
2025-11-21,0.011767149748981503
2025-11-22,-6.274129578941417e-08
2025-11-23,6.454227918580668e-07
2025-11-24,1.3667583814899475e-06
2025-11-25,0.009622105745548741
2025-11-26,0.006550007369483993
2025-11-27,2.4788224455144874e-07
2025-11-28,-2.426126059813942e-07
2025-11-29,4.046389152142766e-07
2025-11-30,-6.571316935988813e-08
2025-12-01,1.3304021120381229e-06
2025-12-02,0.005435570391282113
2025-12-03,0.0072042068146574
2025-12-04,-0.005900836601414954
2025-12-05,-0.004496011540532252
2025-12-06,5.582472155322577e-09
2025-12-07,-1.150461964559292e-06
2025-12-08,-5.37704154290236e-07
2025-12-09,-0.004643901078843346
2025-12-10,0.01568797032023744
2025-12-11,-0.0001151831951039583
2025-12-12,-0.008460246704800936
2025-12-13,-6.138093296920099e-08
2025-12-14,5.961010802912709e-07
2025-12-15,4.074081476166284e-07
2025-12-16,0.001157280133090141
2025-12-17,-0.003999468079408809
2025-12-18,0.010523148462913617
2025-12-19,-0.0027701710227665483
2025-12-20,-2.3368942086709522e-08
2025-12-21,-5.73088892956848e-08
2025-12-22,7.693552091943308e-09
2025-12-23,0.0007938556471143262
2025-12-24,0.008464123121630824
2025-12-25,6.431716147167528e-08
2025-12-26,-3.2116863651664105e-08
2025-12-27,-7.958245178248582e-08
2025-12-28,-4.4145385447379355e-09
2025-12-29,8.839448753826033e-08
2025-12-30,-0.00029877725917666013
2025-12-31,-0.010299990459360813
2026-01-01,-5.244282784567274e-07
2026-01-02,-1.0133810613516107e-06
2026-01-03,-2.692748327434391e-07
2026-01-04,-3.9563422200336465e-07
2026-01-05,-1.1991759723781877e-06
2026-01-06,0.00013438705030144806
2026-01-07,0.0034911161328417565
2026-01-08,-0.007316195647893703
2026-01-09,0.008109102521684862
2026-01-10,3.0586842263190875e-08
2026-01-11,-8.271538803853578e-08
2026-01-12,-1.0502470101653074e-07
2026-01-13,0.0022878799880152413
2026-01-14,0.008772539747907798
2026-01-15,-0.004387197008504377
2026-01-16,-0.006692717666835071
2026-01-17,7.441752369896753e-08
2026-01-18,2.910274267479564e-07
2026-01-19,1.859799931774316e-07
2026-01-20,8.710863203834804e-07
2026-01-21,0.015194515492322282
2026-01-22,0.0004961177394155229
2026-01-23,0.0053065795577161585
2026-01-24,4.816278719704316e-08
2026-01-25,2.7485012805871695e-07
2026-01-26,-1.902256082183086e-07
2026-01-27,0.0018683829294667883
2026-01-28,-0.002374802987148386
2026-01-29,0.0024566836115195757
2026-01-30,-0.009394033809308745
2026-01-31,1.0909890008702462e-06
2026-02-01,6.321246204832685e-07
2026-02-02,-6.329264623808555e-07
2026-02-03,0.0020383449880542917
2026-02-04,-0.00027362486751871635
2026-02-05,0.014555759137652871
2026-02-06,0.003450113521399512
2026-02-07,1.653340984814977e-06
2026-02-08,-1.4772134392704616e-06
2026-02-09,1.339815231589439e-07
2026-02-10,0.012999175338596078
2026-02-11,-0.009256350213770798
2026-02-12,0.01545767384531339
2026-02-13,0.014969249914698002
2026-02-14,-3.817796980038536e-07
2026-02-15,4.2285514415092447e-07
2026-02-16,-5.349847951568107e-08
2026-02-17,3.8815998432446407e-07
2026-02-18,-0.0036334991994130114
2026-02-19,0.00345903232953341
2026-02-20,0.0022527424265199733
2026-02-21,-4.706522726580954e-08
2026-02-22,4.0564310763163053e-07
2026-02-23,3.388226959559961e-06
2026-02-24,0.0018276433539247592
2026-02-25,0.0023162942722796303
2026-02-26,0.007155869968349875
2026-02-27,0.00696230981326045
2026-02-28,-1.0605286524585519e-06
2026-03-01,1.055393985206373e-06
2026-03-02,-3.725909118970285e-06
2026-03-03,-0.016652185980181644
2026-03-04,0.0013885076335116314
2026-03-05,-0.017991288464126946
2026-03-06,-0.01163902132373218
2026-03-07,4.876964109300536e-06
2026-03-08,9.96270697055736e-06
2026-03-09,-1.8284087649693706e-05
2026-03-10,-0.016356413834506298
2026-03-11,-0.021190532549324945
2026-03-12,-0.028172927285904408
2026-03-13,-0.005105959600710455
2026-03-14,-1.710902916107222e-05
2026-03-15,-0.00014957465276942218
2026-03-16,-0.00019245206338655777
2026-03-17,0.010961884536476809
2026-03-18,-0.025801631362031802
2026-03-19,0.001403126944019111
2026-03-20,-0.035486353540634764
2026-03-21,9.816536342740999e-05
2026-03-22,4.8060963699636995e-05
2026-03-23,-0.0001675127985904584
2026-03-24,0.001284347109766418
2026-03-25,-0.0027219322410871184
2026-03-26,0.002857796013517977
2026-03-27,0.011143378835088423
2026-03-28,-8.905432445238831e-08
2026-03-29,3.205214580846021e-06
2026-03-30,-9.517481408855888e-06
2026-03-31,-0.008151460367374654
2026-04-01,-0.0021995569588497007
2026-04-02,0.001955315269890865
2026-04-03,1.5359734418302089e-06
2026-04-04,-2.1801146268191562e-05
2026-04-05,-8.439921258261494e-05
2026-04-06,2.3998323628512018e-06
2026-04-07,0.0019657225510699644
2026-04-08,-0.01169852848437644
2026-04-09,0.0002874400933694239
2026-04-10,-0.0002717234623248048
2026-04-11,-5.195110779395799e-05
2026-04-12,0.00027855075544615975
2026-04-13,-0.0004761251504084961
2026-04-14,0.002046222608710784
2026-04-15,-0.00020364675533026874
2026-04-16,-0.0012277076623961412
2026-04-17,0.0017114557769189929
2026-04-18,3.9943650070729174e-05
2026-04-19,4.863312994262191e-05
2026-04-20,-4.0918080848529366e-05
2026-04-21,-0.004926688812175345
2026-04-22,0.0009686488434206338
2026-04-23,0.0016922094814897583
2026-04-24,0.0007343443169539068
2026-04-25,-1.9559615376314683e-06
2026-04-26,-1.6526162722061673e-05
2026-04-27,1.7623892319826245e-05
2026-04-28,0.0010699844158040877
2026-04-29,-0.0004545573826516161
2026-04-30,0.0021441526526319206
2026-05-01,-0.00021059982416571891
2026-05-02,-2.2783975314594786e-06
2026-05-03,-1.8658817324411113e-07
2026-05-04,-5.276499146725361e-06
2026-05-05,0.0019439820313852877
2026-05-06,8.643519505719465e-05
2026-05-07,-0.0027669795357235416
2026-05-08,0.0029135886490868628
2026-05-09,-7.007904555845751e-06
2026-05-10,-1.6022900519957214e-05
2026-05-11,7.857155816390617e-06
2026-05-12,-0.003083401316971382
2026-05-13,-0.002360158184422506
2026-05-14,-0.0003777261239633536
2026-05-15,-0.005364449477733538
2026-05-16,6.778563914384541e-05
2026-05-17,8.746753011005628e-05
2026-05-18,3.1174610443146337e-06
2026-05-19,-0.0013467156679034646
2026-05-20,-0.0007157067974739602
2026-05-21,0.0004536496086625578
2026-05-22,-0.0004430544063438753
2026-05-23,-0.00012702449215766333
2026-05-24,5.462266592748898e-06
2026-05-25,-3.198867591677114e-05
2026-05-26,0.00013026638367349884
2026-05-27,-0.0013431089829441616
2026-05-28,0.0008413781589180003
2026-05-29,-0.0017484549790028055
2026-05-30,-4.710644872303127e-05
2026-05-31,4.276251651230335e-05
2026-06-01,0.00020369745101377914
2026-06-02,0.00107492144452503
2026-06-03,0.001584725388562352
2026-06-04,0.0020183181747272325
2026-06-05,0.009442154850714052
2026-06-06,0.0010205708103700087
2026-06-08,-0.010233076540070215
